country_id,latitude,longitude,bright_ti4,scan,track,acq_date,acq_time,satellite,instrument,confidence,version,bright_ti5,frp,daynight
BRA,2.84067,-60.71668,324.13,0.5,0.4,2023-10-05,514,N,VIIRS,n,2.0URT,294.55,2.24,N
BRA,3.14507,-60.66541,310.89,0.5,0.4,2023-10-05,514,N,VIIRS,n,2.0URT,293.76,1.4,N
BRA,3.33504,-51.24923,304.52,0.4,0.5,2023-10-05,514,N,VIIRS,n,2.0URT,293.08,0.95,N
BRA,3.37411,-59.93307,308.78,0.5,0.4,2023-10-05,514,N,VIIRS,n,2.0URT,294.25,1.19,N
BRA,3.37775,-59.93251,313.33,0.5,0.4,2023-10-05,514,N,VIIRS,n,2.0URT,294.46,1.19,N
BRA,3.38971,-51.24417,307.07,0.4,0.5,2023-10-05,514,N,VIIRS,n,2.0URT,291.92,0.85,N
BRA,3.40278,-51.24591,311.07,0.4,0.5,2023-10-05,514,N,VIIRS,n,2.0URT,292.21,1.16,N
BRA,3.40401,-51.24667,316.67,0.4,0.5,2023-10-05,514,N,VIIRS,n,2.0URT,292.56,1.88,N
BRA,3.40464,-51.25041,319.44,0.4,0.5,2023-10-05,514,N,VIIRS,n,2.0URT,292.06,3.17,N
BRA,3.40694,-51.24523,302.78,0.4,0.5,2023-10-05,514,N,VIIRS,n,2.0URT,292.27,0.67,N
BRA,3.40696,-51.27217,319.08,0.4,0.5,2023-10-05,514,N,VIIRS,n,2.0URT,292.37,2.23,N
BRA,3.40754,-51.24899,336.39,0.4,0.5,2023-10-05,514,N,VIIRS,n,2.0URT,292.87,4.26,N
BRA,3.40814,-51.25275,336.36,0.4,0.5,2023-10-05,514,N,VIIRS,n,2.0URT,293.32,4.26,N
BRA,3.40838,-51.27286,334,0.4,0.5,2023-10-05,514,N,VIIRS,n,2.0URT,292.93,3.53,N
BRA,3.40873,-51.2565,338.18,0.4,0.5,2023-10-05,514,N,VIIRS,n,2.0URT,293.22,5.23,N
BRA,3.40879,-51.24974,330.07,0.4,0.5,2023-10-05,514,N,VIIRS,n,2.0URT,292.9,3.17,N
BRA,3.40933,-51.26025,345.7,0.4,0.5,2023-10-05,514,N,VIIRS,n,2.0URT,293.22,5.23,N
BRA,3.40942,-51.25349,331.92,0.4,0.5,2023-10-05,514,N,VIIRS,n,2.0URT,293.14,3.17,N
BRA,3.40992,-51.264,325.75,0.4,0.5,2023-10-05,514,N,VIIRS,n,2.0URT,292.92,4.73,N
BRA,3.41004,-51.25723,338.58,0.4,0.5,2023-10-05,514,N,VIIRS,n,2.0URT,293.33,5.4,N
BRA,3.41052,-51.26774,344.88,0.4,0.5,2023-10-05,514,N,VIIRS,n,2.0URT,293.42,4.73,N
BRA,3.41066,-51.26097,343.72,0.4,0.5,2023-10-05,514,N,VIIRS,n,2.0URT,293.33,5.4,N
BRA,3.41067,-61.43384,304.8,0.6,0.4,2023-10-05,514,N,VIIRS,n,2.0URT,289.46,2.69,N
BRA,3.41111,-51.27149,344.4,0.4,0.5,2023-10-05,514,N,VIIRS,n,2.0URT,293.77,6.39,N
BRA,3.41128,-51.26471,318.85,0.4,0.5,2023-10-05,514,N,VIIRS,n,2.0URT,292.9,4.97,N
BRA,3.4119,-51.26845,341.27,0.4,0.5,2023-10-05,514,N,VIIRS,n,2.0URT,293.42,4.97,N
BRA,3.41253,-51.27219,321.25,0.4,0.5,2023-10-05,514,N,VIIRS,n,2.0URT,293.09,3.53,N
BRA,3.52155,-51.47346,316.17,0.4,0.4,2023-10-05,514,N,VIIRS,n,2.0URT,292.74,1.58,N
BRA,4.00412,-59.93557,321.75,0.5,0.4,2023-10-05,514,N,VIIRS,n,2.0URT,293,6.74,N
BRA,4.00528,-59.6743,308.15,0.5,0.4,2023-10-05,514,N,VIIRS,n,2.0URT,293.03,1.78,N
BRA,4.55463,-60.53505,302.73,0.5,0.4,2023-10-05,514,N,VIIRS,n,2.0URT,284.66,0.33,N
BRA,-2.72882,-47.36951,334.72,0.5,0.6,2023-10-05,515,N,VIIRS,n,2.0URT,290.63,4.98,N
BRA,-2.48584,-48.16411,313.77,0.4,0.6,2023-10-05,515,N,VIIRS,n,2.0URT,281.55,1.67,N
BRA,-2.4858,-48.04766,315.46,0.4,0.6,2023-10-05,515,N,VIIRS,n,2.0URT,289.92,15.46,N
BRA,-2.48523,-48.05149,356.26,0.4,0.6,2023-10-05,515,N,VIIRS,n,2.0URT,293.54,15.46,N
BRA,-2.48466,-48.05534,367,0.4,0.6,2023-10-05,515,N,VIIRS,h,2.0URT,292.27,22.04,N
BRA,-2.4841,-48.05917,367,0.4,0.6,2023-10-05,515,N,VIIRS,h,2.0URT,292.15,22.04,N
BRA,-2.48353,-48.063,329.64,0.4,0.6,2023-10-05,515,N,VIIRS,n,2.0URT,290.5,12.04,N
BRA,-2.48012,-48.04681,310.8,0.4,0.6,2023-10-05,515,N,VIIRS,n,2.0URT,290.12,8.02,N
BRA,-2.47955,-48.05069,367,0.4,0.6,2023-10-05,515,N,VIIRS,h,2.0URT,293.88,8.02,N
BRA,-2.47898,-48.05455,367,0.4,0.6,2023-10-05,515,N,VIIRS,h,2.0URT,294.42,14.62,N
BRA,-2.47841,-48.05841,367,0.4,0.6,2023-10-05,515,N,VIIRS,h,2.0URT,293.19,14.62,N
BRA,-2.4783,-48.04828,325.56,0.4,0.6,2023-10-05,515,N,VIIRS,n,2.0URT,289.49,7.28,N
BRA,-2.47784,-48.06224,367,0.4,0.6,2023-10-05,515,N,VIIRS,h,2.0URT,292.14,10.24,N
BRA,-2.4777,-48.05214,367,0.4,0.6,2023-10-05,515,N,VIIRS,h,2.0URT,292.83,7.28,N
BRA,-2.47729,-48.06599,335.4,0.4,0.6,2023-10-05,515,N,VIIRS,n,2.0URT,290.09,10.24,N
BRA,-2.47711,-48.05599,367,0.4,0.6,2023-10-05,515,N,VIIRS,h,2.0URT,292.24,10.59,N
BRA,-2.47674,-48.06967,305.65,0.4,0.6,2023-10-05,515,N,VIIRS,n,2.0URT,288.63,3.12,N
BRA,-2.47651,-48.05982,367,0.4,0.6,2023-10-05,515,N,VIIRS,h,2.0URT,291.96,10.59,N
BRA,-2.47592,-48.06361,367,0.4,0.6,2023-10-05,515,N,VIIRS,h,2.0URT,291.55,7.17,N
BRA,-2.47535,-48.0673,340.44,0.4,0.6,2023-10-05,515,N,VIIRS,n,2.0URT,289.6,7.17,N
BRA,-2.47387,-48.04986,335.44,0.4,0.6,2023-10-05,515,N,VIIRS,n,2.0URT,289.61,8.02,N
BRA,-2.4733,-48.05372,340.07,0.4,0.6,2023-10-05,515,N,VIIRS,n,2.0URT,289.41,14.62,N
BRA,-2.47274,-48.05754,343.69,0.4,0.6,2023-10-05,515,N,VIIRS,n,2.0URT,289.24,14.62,N
BRA,-2.47218,-48.06134,352.76,0.4,0.6,2023-10-05,515,N,VIIRS,n,2.0URT,290.62,10.24,N
BRA,-2.47202,-48.05132,326.35,0.4,0.6,2023-10-05,515,N,VIIRS,n,2.0URT,286.5,7.28,N
BRA,-2.47162,-48.06509,332.25,0.4,0.6,2023-10-05,515,N,VIIRS,n,2.0URT,288.76,10.24,N
BRA,-2.47143,-48.05515,320.95,0.4,0.6,2023-10-05,515,N,VIIRS,n,2.0URT,286.13,10.59,N
BRA,-2.47107,-48.06883,305.88,0.4,0.6,2023-10-05,515,N,VIIRS,n,2.0URT,286.67,3.12,N
BRA,-2.47084,-48.05895,325.63,0.4,0.6,2023-10-05,515,N,VIIRS,n,2.0URT,287.75,10.59,N
BRA,-2.47026,-48.06273,321.69,0.4,0.6,2023-10-05,515,N,VIIRS,n,2.0URT,287.93,7.17,N
BRA,-2.46968,-48.06646,306.85,0.4,0.6,2023-10-05,515,N,VIIRS,n,2.0URT,287.1,7.17,N
BRA,-2.31094,-47.98517,309.16,0.4,0.6,2023-10-05,515,N,VIIRS,n,2.0URT,280.97,1.66,N
BRA,-2.31036,-47.98907,321,0.4,0.6,2023-10-05,515,N,VIIRS,n,2.0URT,279.92,1.66,N
BRA,-2.30528,-47.98418,318.75,0.4,0.6,2023-10-05,515,N,VIIRS,n,2.0URT,281.74,1.66,N
BRA,-2.30469,-47.98805,313.01,0.4,0.6,2023-10-05,515,N,VIIRS,n,2.0URT,281.49,1.66,N
BRA,-1.81651,-47.26478,297.35,0.5,0.6,2023-10-05,515,N,VIIRS,n,2.0URT,281.27,0.47,N
BRA,-1.81586,-47.26896,297.95,0.5,0.6,2023-10-05,515,N,VIIRS,n,2.0URT,281.83,0.47,N
BRA,-1.74736,-54.43806,303.57,0.5,0.4,2023-10-05,515,N,VIIRS,n,2.0URT,285.8,1.22,N
BRA,-1.74604,-54.4466,304.02,0.5,0.4,2023-10-05,515,N,VIIRS,n,2.0URT,285.38,1.26,N
BRA,-1.74538,-54.45088,301.05,0.5,0.4,2023-10-05,515,N,VIIRS,n,2.0URT,285.83,0.71,N
BRA,-1.74435,-54.43319,308.45,0.5,0.4,2023-10-05,515,N,VIIRS,n,2.0URT,286.12,1.22,N
BRA,-1.74369,-54.43747,315.38,0.5,0.4,2023-10-05,515,N,VIIRS,n,2.0URT,285.63,1.22,N
BRA,-1.74001,-54.4369,304.33,0.5,0.4,2023-10-05,515,N,VIIRS,n,2.0URT,284.31,0.92,N
BRA,-1.72386,-53.65207,309.42,0.5,0.4,2023-10-05,515,N,VIIRS,n,2.0URT,288.3,2.15,N
BRA,-1.72207,-53.64994,314.26,0.5,0.4,2023-10-05,515,N,VIIRS,n,2.0URT,288.88,2.1,N
BRA,-1.72002,-53.65148,323.64,0.5,0.4,2023-10-05,515,N,VIIRS,n,2.0URT,288.47,2.15,N
BRA,-1.71823,-53.64934,318.97,0.5,0.4,2023-10-05,515,N,VIIRS,n,2.0URT,288.1,2.1,N
BRA,-1.62738,-54.63802,311.73,0.5,0.4,2023-10-05,515,N,VIIRS,n,2.0URT,286.45,1.35,N
BRA,-1.62673,-54.64222,305,0.5,0.4,2023-10-05,515,N,VIIRS,n,2.0URT,284.44,0.6,N
BRA,-1.53713,-53.65495,307.62,0.5,0.4,2023-10-05,515,N,VIIRS,n,2.0URT,292.55,3.14,N
BRA,-1.52946,-55.42574,310.2,0.4,0.4,2023-10-05,515,N,VIIRS,n,2.0URT,292.29,0.92,N
BRA,-1.52118,-55.96291,304.78,0.4,0.4,2023-10-05,515,N,VIIRS,n,2.0URT,293.37,0.94,N
BRA,-1.50499,-55.42197,309.52,0.4,0.4,2023-10-05,515,N,VIIRS,n,2.0URT,292.74,1.34,N
BRA,-1.50439,-55.42582,312.08,0.4,0.4,2023-10-05,515,N,VIIRS,n,2.0URT,293.02,1.37,N
BRA,-1.50293,-55.92231,316.5,0.4,0.4,2023-10-05,515,N,VIIRS,n,2.0URT,293.68,1.98,N
BRA,-1.5021,-55.41759,307.74,0.4,0.4,2023-10-05,515,N,VIIRS,n,2.0URT,292.85,1.19,N
BRA,-1.5015,-55.42143,316.26,0.4,0.4,2023-10-05,515,N,VIIRS,n,2.0URT,293.35,1.19,N
BRA,-1.5009,-55.42527,309.94,0.4,0.4,2023-10-05,515,N,VIIRS,n,2.0URT,293.09,1.07,N
BRA,-1.5003,-55.42911,303.92,0.4,0.4,2023-10-05,515,N,VIIRS,n,2.0URT,292.56,1.07,N
BRA,-1.4986,-55.41705,312.23,0.4,0.4,2023-10-05,515,N,VIIRS,n,2.0URT,293.06,1.19,N
BRA,-1.49801,-55.42088,315.35,0.4,0.4,2023-10-05,515,N,VIIRS,n,2.0URT,293.48,1.19,N
BRA,-1.49741,-55.42472,310.19,0.4,0.4,2023-10-05,515,N,VIIRS,n,2.0URT,293,1.07,N
BRA,-1.44477,-55.51073,307.43,0.4,0.4,2023-10-05,515,N,VIIRS,n,2.0URT,292.62,1.33,N
BRA,-1.43877,-55.24523,307.28,0.4,0.4,2023-10-05,515,N,VIIRS,n,2.0URT,292.83,0.98,N
BRA,-1.43341,-55.25639,306.02,0.4,0.4,2023-10-05,515,N,VIIRS,n,2.0URT,292.58,1.27,N
BRA,-1.42633,-55.78956,313.06,0.4,0.4,2023-10-05,515,N,VIIRS,n,2.0URT,293.65,0.94,N
BRA,-1.41894,-55.32577,304.77,0.4,0.4,2023-10-05,515,N,VIIRS,n,2.0URT,293.13,0.84,N
BRA,-1.38667,-55.3486,308.18,0.4,0.4,2023-10-05,515,N,VIIRS,n,2.0URT,293.52,0.85,N
BRA,-1.37136,-55.37793,314.05,0.4,0.4,2023-10-05,515,N,VIIRS,n,2.0URT,293.64,1.26,N
BRA,-1.35536,-55.8659,313.55,0.4,0.4,2023-10-05,515,N,VIIRS,n,2.0URT,293.97,1.61,N
BRA,-1.35477,-55.86961,317.64,0.4,0.4,2023-10-05,515,N,VIIRS,n,2.0URT,294.2,1.61,N
BRA,-1.35327,-55.3792,324.52,0.4,0.4,2023-10-05,515,N,VIIRS,n,2.0URT,294.01,2.61,N
BRA,-1.35192,-55.86537,305.58,0.4,0.4,2023-10-05,515,N,VIIRS,n,2.0URT,293.7,0.74,N
BRA,-1.35032,-55.39831,304.49,0.4,0.4,2023-10-05,515,N,VIIRS,n,2.0URT,293.22,1.38,N
BRA,-1.34977,-55.37867,304.59,0.4,0.4,2023-10-05,515,N,VIIRS,n,2.0URT,293.34,1.57,N
BRA,-1.34654,-54.11412,303.37,0.5,0.4,2023-10-05,515,N,VIIRS,n,2.0URT,284.41,0.7,N
BRA,-1.34626,-56.03421,309.12,0.4,0.4,2023-10-05,515,N,VIIRS,n,2.0URT,293.31,0.75,N
BRA,-1.27199,-53.92186,308.96,0.5,0.4,2023-10-05,515,N,VIIRS,n,2.0URT,293.36,2.08,N
BRA,-1.26855,-55.73158,318.36,0.4,0.4,2023-10-05,515,N,VIIRS,n,2.0URT,293.55,1.61,N
BRA,-1.26822,-53.92136,319.16,0.5,0.4,2023-10-05,515,N,VIIRS,n,2.0URT,294.02,2.08,N
BRA,-1.26538,-55.81861,310.2,0.4,0.4,2023-10-05,515,N,VIIRS,n,2.0URT,293.31,0.75,N
BRA,-1.26195,-55.8181,306.89,0.4,0.4,2023-10-05,515,N,VIIRS,n,2.0URT,293.54,0.75,N
BRA,-1.25968,-55.81017,337.87,0.4,0.4,2023-10-05,515,N,VIIRS,n,2.0URT,294.31,3.55,N
BRA,-1.25909,-55.81387,324.48,0.4,0.4,2023-10-05,515,N,VIIRS,n,2.0URT,293.69,2.97,N
BRA,-1.25624,-55.80964,326.15,0.4,0.4,2023-10-05,515,N,VIIRS,n,2.0URT,294.35,3.55,N
BRA,-1.25566,-55.81335,317.43,0.4,0.4,2023-10-05,515,N,VIIRS,n,2.0URT,294.17,2.97,N
BRA,-1.24697,-53.90936,312.69,0.5,0.4,2023-10-05,515,N,VIIRS,n,2.0URT,292.87,2.84,N
BRA,-1.24605,-53.91087,318.03,0.5,0.4,2023-10-05,515,N,VIIRS,n,2.0URT,293.16,2.4,N
BRA,-1.24363,-53.37515,306.36,0.5,0.4,2023-10-05,515,N,VIIRS,n,2.0URT,292.69,1.03,N
BRA,-1.24289,-53.37996,304.94,0.5,0.4,2023-10-05,515,N,VIIRS,n,2.0URT,292.52,1.03,N
BRA,-1.23976,-53.37449,309.15,0.5,0.4,2023-10-05,515,N,VIIRS,n,2.0URT,293.13,1.74,N
BRA,-1.23901,-53.37933,319.24,0.5,0.4,2023-10-05,515,N,VIIRS,n,2.0URT,293.5,1.74,N
BRA,-1.22762,-56.63301,315.35,0.4,0.4,2023-10-05,515,N,VIIRS,n,2.0URT,293.81,1.77,N
BRA,-1.22706,-56.63654,311.76,0.4,0.4,2023-10-05,515,N,VIIRS,n,2.0URT,293.4,1.61,N
BRA,-1.21233,-55.66182,305.69,0.4,0.4,2023-10-05,515,N,VIIRS,n,2.0URT,292.82,0.74,N
BRA,-1.20771,-55.66876,319.85,0.4,0.4,2023-10-05,515,N,VIIRS,n,2.0URT,293.11,1.8,N
BRA,-1.18921,-55.81077,314.12,0.4,0.4,2023-10-05,515,N,VIIRS,n,2.0URT,293.42,1.63,N
BRA,-1.14567,-54.13641,311.01,0.5,0.4,2023-10-05,515,N,VIIRS,n,2.0URT,292.56,1.19,N
BRA,-1.14501,-54.14071,310.57,0.5,0.4,2023-10-05,515,N,VIIRS,n,2.0URT,292.5,1.54,N
BRA,-1.142,-54.13565,310.5,0.5,0.4,2023-10-05,515,N,VIIRS,n,2.0URT,292.79,1.19,N
BRA,-1.14133,-54.13997,310.29,0.5,0.4,2023-10-05,515,N,VIIRS,n,2.0URT,292.81,1.54,N
BRA,-1.137,-53.64809,304.68,0.5,0.4,2023-10-05,515,N,VIIRS,n,2.0URT,292.45,0.69,N
BRA,-1.10116,-47.22224,306.89,0.5,0.6,2023-10-05,515,N,VIIRS,n,2.0URT,291.08,2.17,N
BRA,-1.10051,-47.22634,318.02,0.5,0.6,2023-10-05,515,N,VIIRS,n,2.0URT,291.64,3.88,N
BRA,-1.09903,-47.22385,351.06,0.5,0.6,2023-10-05,515,N,VIIRS,n,2.0URT,292.07,2.83,N
BRA,-1.09841,-47.22797,302.73,0.5,0.6,2023-10-05,515,N,VIIRS,n,2.0URT,291.69,2.83,N
BRA,-1.0953,-47.22128,315.45,0.5,0.6,2023-10-05,515,N,VIIRS,n,2.0URT,291.43,2.17,N
BRA,-1.09465,-47.22539,332.04,0.5,0.6,2023-10-05,515,N,VIIRS,n,2.0URT,292,3.88,N
BRA,-1.09317,-47.22287,311.38,0.5,0.6,2023-10-05,515,N,VIIRS,n,2.0URT,291.36,2.83,N
BRA,-0.94413,-53.72396,337.31,0.5,0.4,2023-10-05,515,N,VIIRS,n,2.0URT,293.28,5.44,N
BRA,-0.94371,-53.72117,331.95,0.5,0.4,2023-10-05,515,N,VIIRS,n,2.0URT,293.08,4.11,N
BRA,-0.94299,-53.72595,321.83,0.5,0.4,2023-10-05,515,N,VIIRS,n,2.0URT,292.24,4.11,N
BRA,-0.94036,-53.72328,334.88,0.5,0.4,2023-10-05,515,N,VIIRS,n,2.0URT,293.47,4.03,N
BRA,-0.64727,-58.02047,306.45,0.4,0.4,2023-10-05,515,N,VIIRS,n,2.0URT,292.56,1.46,N
BRA,-0.25778,-60.30867,306.98,0.4,0.4,2023-10-05,515,N,VIIRS,n,2.0URT,293.83,0.73,N
BRA,-0.25422,-60.3081,305.33,0.4,0.4,2023-10-05,515,N,VIIRS,n,2.0URT,294.2,0.73,N
BRA,0.05693,-60.5505,306.33,0.5,0.4,2023-10-05,515,N,VIIRS,n,2.0URT,293.4,1.13,N
BRA,0.06474,-60.4354,304.47,0.5,0.4,2023-10-05,515,N,VIIRS,n,2.0URT,292.7,1.32,N
BRA,0.15745,-51.42038,304.53,0.5,0.5,2023-10-05,515,N,VIIRS,n,2.0URT,292.37,1.84,N
BRA,0.15808,-51.42443,312.6,0.5,0.5,2023-10-05,515,N,VIIRS,n,2.0URT,292.42,1.8,N
BRA,0.16177,-51.4197,325.1,0.5,0.5,2023-10-05,515,N,VIIRS,n,2.0URT,292.56,1.84,N
BRA,0.5319,-50.79693,310.43,0.5,0.5,2023-10-05,515,N,VIIRS,n,2.0URT,292.72,1.2,N
BRA,0.53259,-50.80138,306.84,0.5,0.5,2023-10-05,515,N,VIIRS,n,2.0URT,292.57,1.2,N
BRA,0.53374,-50.799,318.97,0.5,0.5,2023-10-05,515,N,VIIRS,n,2.0URT,292.84,1.87,N
BRA,0.53446,-50.80343,306.55,0.5,0.5,2023-10-05,515,N,VIIRS,n,2.0URT,293.08,1.87,N
BRA,0.53708,-50.80067,323.03,0.5,0.5,2023-10-05,515,N,VIIRS,n,2.0URT,292.76,2.64,N
BRA,0.53776,-50.80512,304.1,0.5,0.5,2023-10-05,515,N,VIIRS,n,2.0URT,292.56,2.36,N
BRA,0.53894,-50.80274,326.91,0.5,0.5,2023-10-05,515,N,VIIRS,n,2.0URT,293,1.87,N
BRA,0.54224,-50.80441,329.53,0.5,0.5,2023-10-05,515,N,VIIRS,n,2.0URT,292.9,2.36,N
BRA,0.54343,-50.80203,322.29,0.5,0.5,2023-10-05,515,N,VIIRS,n,2.0URT,292.66,1.83,N
BRA,0.64459,-56.87968,304.59,0.4,0.4,2023-10-05,515,N,VIIRS,n,2.0URT,292.67,0.88,N
BRA,0.64513,-56.88313,308.44,0.4,0.4,2023-10-05,515,N,VIIRS,n,2.0URT,292.64,0.82,N
BRA,0.85827,-52.13736,309.3,0.4,0.4,2023-10-05,515,N,VIIRS,n,2.0URT,292.31,1.09,N
BRA,1.00016,-60.01451,331.69,0.4,0.4,2023-10-05,515,N,VIIRS,n,2.0URT,292.69,3.19,N
BRA,1.06393,-50.99763,332.06,0.5,0.5,2023-10-05,515,N,VIIRS,n,2.0URT,292.91,3.18,N
BRA,1.1453,-60.46008,304.9,0.5,0.4,2023-10-05,515,N,VIIRS,n,2.0URT,292.66,1.01,N
BRA,1.1775,-51.03321,307.89,0.5,0.5,2023-10-05,515,N,VIIRS,n,2.0URT,292.38,1.24,N
BRA,1.1812,-51.02829,313.83,0.5,0.5,2023-10-05,515,N,VIIRS,n,2.0URT,292.29,2.23,N
BRA,1.18187,-51.0325,305.04,0.5,0.5,2023-10-05,515,N,VIIRS,n,2.0URT,292.39,1.18,N
BRA,1.50856,-55.80581,305.35,0.4,0.4,2023-10-05,515,N,VIIRS,n,2.0URT,291.28,0.65,N
BRA,1.51193,-55.80529,300.48,0.4,0.4,2023-10-05,515,N,VIIRS,n,2.0URT,288.76,0.65,N
BRA,1.51531,-55.80476,320.58,0.4,0.4,2023-10-05,515,N,VIIRS,n,2.0URT,289.36,1.88,N
BRA,1.53666,-55.8089,305.18,0.4,0.4,2023-10-05,515,N,VIIRS,n,2.0URT,289.87,0.74,N
BRA,1.53893,-55.80131,323.75,0.4,0.4,2023-10-05,515,N,VIIRS,n,2.0URT,293.37,2.59,N
BRA,1.53995,-55.80154,330.85,0.4,0.4,2023-10-05,515,N,VIIRS,n,2.0URT,293.81,1.71,N
BRA,1.54332,-55.801,306.67,0.4,0.4,2023-10-05,515,N,VIIRS,n,2.0URT,292.32,1.71,N
BRA,1.54389,-55.80458,315.22,0.4,0.4,2023-10-05,515,N,VIIRS,n,2.0URT,293,2.71,N
BRA,1.54726,-55.80407,308.26,0.4,0.4,2023-10-05,515,N,VIIRS,n,2.0URT,292.24,2.59,N
BRA,1.55119,-55.80707,335.14,0.4,0.4,2023-10-05,515,N,VIIRS,n,2.0URT,294.33,2.59,N
BRA,1.55456,-55.80656,312.76,0.4,0.4,2023-10-05,515,N,VIIRS,n,2.0URT,292.77,1.89,N
BRA,1.55512,-55.81006,302.87,0.4,0.4,2023-10-05,515,N,VIIRS,n,2.0URT,290.51,0.39,N
BRA,1.56128,-55.8272,307.55,0.4,0.4,2023-10-05,515,N,VIIRS,n,2.0URT,289.93,2,N
BRA,1.56465,-55.82668,306.53,0.4,0.4,2023-10-05,515,N,VIIRS,n,2.0URT,291.81,0.94,N
BRA,1.56521,-55.83021,301.95,0.4,0.4,2023-10-05,515,N,VIIRS,n,2.0URT,287.46,1.41,N
BRA,1.56858,-55.82968,313.7,0.4,0.4,2023-10-05,515,N,VIIRS,n,2.0URT,289.22,1.41,N
BRA,1.60331,-56.00566,323.57,0.4,0.4,2023-10-05,515,N,VIIRS,n,2.0URT,292.62,2.85,N
BRA,1.60446,-55.94761,305.02,0.4,0.4,2023-10-05,515,N,VIIRS,n,2.0URT,291.46,1.49,N
BRA,1.60837,-55.95063,318.76,0.4,0.4,2023-10-05,515,N,VIIRS,n,2.0URT,292.3,1.49,N
BRA,1.61621,-55.95666,315,0.4,0.4,2023-10-05,515,N,VIIRS,n,2.0URT,292.71,2.3,N
BRA,1.61676,-55.96019,329.45,0.4,0.4,2023-10-05,515,N,VIIRS,n,2.0URT,291.27,3.03,N
BRA,1.62068,-55.96321,329.31,0.4,0.4,2023-10-05,515,N,VIIRS,n,2.0URT,292.78,3.58,N
BRA,1.62123,-55.96674,320.66,0.4,0.4,2023-10-05,515,N,VIIRS,n,2.0URT,290.45,2.25,N
BRA,1.81816,-55.66715,325.09,0.4,0.4,2023-10-05,515,N,VIIRS,n,2.0URT,291.6,2.59,N
BRA,1.82098,-55.66305,335.49,0.4,0.4,2023-10-05,515,N,VIIRS,n,2.0URT,292.08,2.98,N
BRA,1.82435,-55.66252,322.93,0.4,0.4,2023-10-05,515,N,VIIRS,n,2.0URT,292.13,2.68,N
BRA,1.82717,-55.65842,329.74,0.4,0.4,2023-10-05,515,N,VIIRS,n,2.0URT,292.11,2.68,N
BRA,1.83224,-55.64663,355.85,0.4,0.4,2023-10-05,515,N,VIIRS,n,2.0URT,293.96,7.75,N
BRA,1.8328,-55.65021,325.39,0.4,0.4,2023-10-05,515,N,VIIRS,n,2.0URT,292.67,3.89,N
BRA,1.83506,-55.64254,343.94,0.4,0.4,2023-10-05,515,N,VIIRS,n,2.0URT,293.2,3.19,N
BRA,1.83562,-55.64612,339.16,0.4,0.4,2023-10-05,515,N,VIIRS,n,2.0URT,294.54,3.19,N
BRA,1.83788,-55.63843,312.79,0.4,0.4,2023-10-05,515,N,VIIRS,n,2.0URT,291.73,1.3,N
BRA,1.83844,-55.64202,327.65,0.4,0.4,2023-10-05,515,N,VIIRS,n,2.0URT,293.62,3.19,N
BRA,1.839,-55.64561,313.93,0.4,0.4,2023-10-05,515,N,VIIRS,n,2.0URT,293.57,3.19,N
BRA,1.83905,-55.63853,321.81,0.4,0.4,2023-10-05,515,N,VIIRS,n,2.0URT,292.41,1.82,N
BRA,1.83962,-55.64211,314.06,0.4,0.4,2023-10-05,515,N,VIIRS,n,2.0URT,293.32,2.47,N
BRA,1.84524,-55.63392,306.7,0.4,0.4,2023-10-05,515,N,VIIRS,n,2.0URT,291.99,2.2,N
BRA,1.84749,-55.62625,314.3,0.4,0.4,2023-10-05,515,N,VIIRS,n,2.0URT,292.5,1.9,N
BRA,1.84863,-55.63342,333.21,0.4,0.4,2023-10-05,515,N,VIIRS,n,2.0URT,292.6,2.2,N
BRA,1.84976,-55.64057,313.84,0.4,0.4,2023-10-05,515,N,VIIRS,n,2.0URT,292.51,1.69,N
BRA,1.85086,-55.62571,329.47,0.4,0.4,2023-10-05,515,N,VIIRS,n,2.0URT,293.65,2.65,N
BRA,1.85315,-55.64007,310.43,0.4,0.4,2023-10-05,515,N,VIIRS,n,2.0URT,292.64,1.28,N
BRA,1.85367,-55.62159,308.97,0.4,0.4,2023-10-05,515,N,VIIRS,n,2.0URT,292.61,2.04,N
BRA,1.85424,-55.62518,330.5,0.4,0.4,2023-10-05,515,N,VIIRS,n,2.0URT,293.14,2.65,N
BRA,1.86044,-55.62058,313.61,0.4,0.4,2023-10-05,515,N,VIIRS,n,2.0URT,293.1,2.06,N
BRA,1.90777,-55.63528,318.98,0.4,0.4,2023-10-05,515,N,VIIRS,n,2.0URT,292.51,1.04,N
BRA,1.90833,-55.63886,307.1,0.4,0.4,2023-10-05,515,N,VIIRS,n,2.0URT,292.28,1.91,N
BRA,1.93081,-55.67185,310.72,0.4,0.4,2023-10-05,515,N,VIIRS,n,2.0URT,291.57,0.66,N
BRA,1.93137,-55.67541,305.02,0.4,0.4,2023-10-05,515,N,VIIRS,n,2.0URT,290.96,0.66,N
BRA,2.70606,-60.06906,319.95,0.5,0.4,2023-10-05,515,N,VIIRS,n,2.0URT,293.39,1.63,N
BRA,2.70671,-60.07325,307.07,0.5,0.4,2023-10-05,515,N,VIIRS,n,2.0URT,293.51,1.63,N
BRA,2.79959,-60.55024,317.92,0.5,0.4,2023-10-05,515,N,VIIRS,n,2.0URT,293,1.93,N
BRA,2.84129,-60.71896,320.94,0.5,0.4,2023-10-05,515,N,VIIRS,n,2.0URT,294.39,2.61,N
BRA,-4.69809,-46.39054,324.01,0.6,0.7,2023-10-05,516,N,VIIRS,n,2.0URT,288.75,2.91,N
BRA,-4.69781,-46.39268,327.58,0.6,0.7,2023-10-05,516,N,VIIRS,n,2.0URT,288.77,2.85,N
BRA,-4.69741,-46.3955,310.79,0.6,0.7,2023-10-05,516,N,VIIRS,n,2.0URT,287.04,2.91,N
BRA,-4.6971,-46.39768,300.43,0.6,0.7,2023-10-05,516,N,VIIRS,n,2.0URT,286.98,2.85,N
BRA,-4.692,-46.38687,302.01,0.6,0.7,2023-10-05,516,N,VIIRS,n,2.0URT,288.6,3.46,N
BRA,-4.69128,-46.39196,348.24,0.6,0.7,2023-10-05,516,N,VIIRS,n,2.0URT,289.83,6.78,N
BRA,-4.69057,-46.39693,325.74,0.6,0.7,2023-10-05,516,N,VIIRS,n,2.0URT,288.7,6.78,N
BRA,-4.60455,-45.75654,303.87,0.6,0.7,2023-10-05,516,N,VIIRS,n,2.0URT,289.27,2.52,N
BRA,-4.60378,-45.76191,310.88,0.6,0.7,2023-10-05,516,N,VIIRS,n,2.0URT,289.55,3.55,N
BRA,-4.60062,-45.75575,309.24,0.6,0.7,2023-10-05,516,N,VIIRS,n,2.0URT,289.2,2.71,N
BRA,-4.59984,-45.76145,321.38,0.6,0.7,2023-10-05,516,N,VIIRS,n,2.0URT,289.63,2.71,N
BRA,-4.59789,-45.75497,299.65,0.6,0.7,2023-10-05,516,N,VIIRS,n,2.0URT,288.96,1.26,N
BRA,-4.59703,-45.76091,313,0.6,0.7,2023-10-05,516,N,VIIRS,n,2.0URT,289.41,2.21,N
BRA,-4.36559,-47.26868,301.96,0.5,0.7,2023-10-05,516,N,VIIRS,n,2.0URT,282.5,1.02,N
BRA,-4.35949,-47.26755,309.74,0.5,0.7,2023-10-05,516,N,VIIRS,n,2.0URT,282.61,1.02,N
BRA,-4.34389,-46.7957,300.99,0.5,0.7,2023-10-05,516,N,VIIRS,n,2.0URT,284.6,1.13,N
BRA,-4.34161,-46.79447,306.38,0.5,0.7,2023-10-05,516,N,VIIRS,n,2.0URT,285.74,1.64,N
BRA,-4.34085,-46.79966,303.65,0.5,0.7,2023-10-05,516,N,VIIRS,n,2.0URT,286.92,1.9,N
BRA,-4.33758,-46.7947,302.87,0.5,0.7,2023-10-05,516,N,VIIRS,n,2.0URT,286.45,1.13,N
BRA,-4.33133,-48.31599,297.46,0.4,0.6,2023-10-05,516,N,VIIRS,n,2.0URT,274.36,2.06,N
BRA,-4.32927,-48.78174,308.73,0.4,0.6,2023-10-05,516,N,VIIRS,n,2.0URT,275.12,1.51,N
BRA,-4.32727,-48.30956,300.22,0.4,0.6,2023-10-05,516,N,VIIRS,n,2.0URT,275.08,2.75,N
BRA,-4.32673,-48.31339,337.65,0.4,0.6,2023-10-05,516,N,VIIRS,n,2.0URT,275.37,2.75,N
BRA,-4.32614,-48.31141,328.85,0.4,0.6,2023-10-05,516,N,VIIRS,n,2.0URT,274.72,2.06,N
BRA,-4.32557,-48.31531,312.9,0.4,0.6,2023-10-05,516,N,VIIRS,n,2.0URT,274.77,2.06,N
BRA,-4.32038,-48.31081,296.1,0.4,0.6,2023-10-05,516,N,VIIRS,n,2.0URT,274.13,0.47,N
BRA,-4.30705,-48.07703,296.53,0.4,0.6,2023-10-05,516,N,VIIRS,n,2.0URT,270.38,0.9,N
BRA,-4.30646,-48.08115,308.14,0.4,0.6,2023-10-05,516,N,VIIRS,n,2.0URT,270.47,5.25,N
BRA,-4.30588,-48.08525,367,0.4,0.6,2023-10-05,516,N,VIIRS,h,2.0URT,270.98,5.25,N
BRA,-4.30529,-48.08934,305.68,0.4,0.6,2023-10-05,516,N,VIIRS,n,2.0URT,267.97,4.03,N
BRA,-4.30123,-48.07619,295.79,0.4,0.6,2023-10-05,516,N,VIIRS,n,2.0URT,269.63,0.9,N
BRA,-4.30065,-48.0803,312.83,0.4,0.6,2023-10-05,516,N,VIIRS,n,2.0URT,268.96,5.25,N
BRA,-4.30006,-48.08441,350.73,0.4,0.6,2023-10-05,516,N,VIIRS,n,2.0URT,270.01,5.25,N
BRA,-4.29947,-48.08851,308.76,0.4,0.6,2023-10-05,516,N,VIIRS,n,2.0URT,266.82,4.03,N
BRA,-4.29889,-48.09259,297.58,0.4,0.6,2023-10-05,516,N,VIIRS,n,2.0URT,266.43,4.03,N
BRA,-4.28076,-46.065,309.81,0.6,0.7,2023-10-05,516,N,VIIRS,n,2.0URT,289.47,2.67,N
BRA,-4.25446,-48.56395,300.36,0.4,0.6,2023-10-05,516,N,VIIRS,n,2.0URT,272.2,0.65,N
BRA,-4.24827,-48.56703,298.62,0.4,0.6,2023-10-05,516,N,VIIRS,n,2.0URT,272.28,0.84,N
BRA,-4.1932,-50.68472,305.13,0.6,0.5,2023-10-05,516,N,VIIRS,n,2.0URT,285.83,0.82,N
BRA,-4.18874,-44.54245,307.15,0.8,0.8,2023-10-05,516,N,VIIRS,n,2.0URT,289.89,4.29,N
BRA,-4.18834,-50.68393,300.05,0.6,0.5,2023-10-05,516,N,VIIRS,n,2.0URT,285.67,0.82,N
BRA,-4.18775,-44.54945,316.26,0.8,0.8,2023-10-05,516,N,VIIRS,n,2.0URT,289.8,3.11,N
BRA,-4.18056,-44.54831,302.3,0.8,0.8,2023-10-05,516,N,VIIRS,n,2.0URT,289.85,3.11,N
BRA,-4.11579,-49.09863,304.31,0.4,0.6,2023-10-05,516,N,VIIRS,n,2.0URT,276.14,0.95,N
BRA,-4.11425,-49.09538,298.1,0.4,0.6,2023-10-05,516,N,VIIRS,n,2.0URT,276.87,0.56,N
BRA,-4.11374,-49.09876,306.92,0.4,0.6,2023-10-05,516,N,VIIRS,n,2.0URT,277.27,1.48,N
BRA,-4.11036,-49.09787,301.64,0.4,0.6,2023-10-05,516,N,VIIRS,n,2.0URT,277.29,0.95,N
BRA,-4.09756,-47.92714,308.65,0.5,0.6,2023-10-05,516,N,VIIRS,n,2.0URT,287.49,3.05,N
BRA,-4.09719,-48.43053,320.85,0.4,0.6,2023-10-05,516,N,VIIRS,n,2.0URT,276.04,2.5,N
BRA,-4.09693,-47.9316,332.59,0.5,0.6,2023-10-05,516,N,VIIRS,n,2.0URT,287.44,3.05,N
BRA,-4.09632,-47.93587,323.03,0.5,0.6,2023-10-05,516,N,VIIRS,n,2.0URT,286.14,5.52,N
BRA,-4.09555,-48.42796,308.8,0.4,0.6,2023-10-05,516,N,VIIRS,n,2.0URT,276.26,2.41,N
BRA,-4.09499,-48.43177,324.85,0.4,0.6,2023-10-05,516,N,VIIRS,n,2.0URT,276.31,4.03,N
BRA,-4.09278,-47.92424,311.07,0.5,0.6,2023-10-05,516,N,VIIRS,n,2.0URT,286.18,4.93,N
BRA,-4.09209,-47.92881,352.58,0.5,0.6,2023-10-05,516,N,VIIRS,n,2.0URT,287.65,6.08,N
BRA,-4.09171,-47.9262,343.51,0.5,0.6,2023-10-05,516,N,VIIRS,n,2.0URT,287.38,6.33,N
BRA,-4.09145,-47.93312,352.53,0.5,0.6,2023-10-05,516,N,VIIRS,n,2.0URT,287.67,6.08,N
BRA,-4.09108,-47.93067,354.39,0.5,0.6,2023-10-05,516,N,VIIRS,n,2.0URT,288.24,6.33,N
BRA,-4.09082,-47.93736,351.67,0.5,0.6,2023-10-05,516,N,VIIRS,n,2.0URT,286.54,6.19,N
BRA,-4.09047,-47.93494,352.41,0.5,0.6,2023-10-05,516,N,VIIRS,n,2.0URT,287.23,6.57,N
BRA,-4.09021,-47.94144,325.62,0.5,0.6,2023-10-05,516,N,VIIRS,n,2.0URT,284.08,6.19,N
BRA,-4.08988,-47.93913,345.85,0.5,0.6,2023-10-05,516,N,VIIRS,n,2.0URT,285.64,6.57,N
BRA,-4.0893,-47.94318,310.55,0.5,0.6,2023-10-05,516,N,VIIRS,n,2.0URT,283.1,4.46,N
BRA,-4.0878,-51.03106,304.03,0.6,0.5,2023-10-05,516,N,VIIRS,n,2.0URT,287.32,1.86,N
BRA,-4.08627,-47.92772,308.39,0.5,0.6,2023-10-05,516,N,VIIRS,n,2.0URT,285.56,6.08,N
BRA,-4.08564,-47.932,325.9,0.5,0.6,2023-10-05,516,N,VIIRS,n,2.0URT,285.58,6.08,N
BRA,-4.08526,-47.9295,309.13,0.5,0.6,2023-10-05,516,N,VIIRS,n,2.0URT,285.64,6.33,N
BRA,-4.08501,-47.93621,323.73,0.5,0.6,2023-10-05,516,N,VIIRS,n,2.0URT,284.38,6.19,N
BRA,-4.08466,-47.93373,312.98,0.5,0.6,2023-10-05,516,N,VIIRS,n,2.0URT,285,6.57,N
BRA,-4.08439,-47.94032,329.92,0.5,0.6,2023-10-05,516,N,VIIRS,n,2.0URT,283.47,6.19,N
BRA,-4.08407,-47.93792,325.1,0.5,0.6,2023-10-05,516,N,VIIRS,n,2.0URT,283.98,6.57,N
BRA,-4.08378,-47.94442,310.51,0.5,0.6,2023-10-05,516,N,VIIRS,n,2.0URT,281.42,6.03,N
BRA,-4.08349,-47.94204,321.5,0.5,0.6,2023-10-05,516,N,VIIRS,n,2.0URT,282.83,4.46,N
BRA,-4.08306,-51.03034,303.9,0.6,0.5,2023-10-05,516,N,VIIRS,n,2.0URT,287.76,1.74,N
BRA,-3.99243,-48.0807,334.79,0.4,0.6,2023-10-05,516,N,VIIRS,n,2.0URT,285.37,2.68,N
BRA,-3.9918,-48.08508,307.67,0.4,0.6,2023-10-05,516,N,VIIRS,n,2.0URT,285.65,2.68,N
BRA,-3.99118,-48.08936,304.69,0.4,0.6,2023-10-05,516,N,VIIRS,n,2.0URT,285.64,1.14,N
BRA,-3.99058,-48.09354,301.21,0.4,0.6,2023-10-05,516,N,VIIRS,n,2.0URT,285.33,1.14,N
BRA,-3.98659,-48.08022,304.71,0.4,0.6,2023-10-05,516,N,VIIRS,n,2.0URT,284.55,1.26,N
BRA,-3.98582,-44.80169,306.69,0.7,0.8,2023-10-05,516,N,VIIRS,n,2.0URT,290.14,2.07,N
BRA,-3.98253,-44.79678,304.8,0.7,0.8,2023-10-05,516,N,VIIRS,n,2.0URT,289.71,2.07,N
BRA,-3.98158,-44.80364,308.85,0.7,0.8,2023-10-05,516,N,VIIRS,n,2.0URT,289.8,2.07,N
BRA,-3.97873,-44.80069,311.89,0.7,0.8,2023-10-05,516,N,VIIRS,n,2.0URT,290.03,2.07,N
BRA,-3.88538,-51.92053,308.73,0.5,0.5,2023-10-05,516,N,VIIRS,n,2.0URT,282.74,1.58,N
BRA,-3.88094,-51.91984,309.26,0.5,0.5,2023-10-05,516,N,VIIRS,n,2.0URT,282.76,1.66,N
BRA,-3.87981,-52.32053,309.33,0.5,0.5,2023-10-05,516,N,VIIRS,n,2.0URT,285.61,1.27,N
BRA,-3.87371,-47.56004,300.52,0.5,0.6,2023-10-05,516,N,VIIRS,n,2.0URT,279.99,0.86,N
BRA,-3.8684,-47.55453,300.66,0.5,0.6,2023-10-05,516,N,VIIRS,n,2.0URT,280.29,1.39,N
BRA,-3.86775,-47.55901,300.15,0.5,0.6,2023-10-05,516,N,VIIRS,n,2.0URT,279.93,0.86,N
BRA,-3.85913,-52.00471,310.09,0.5,0.5,2023-10-05,516,N,VIIRS,n,2.0URT,284.37,1.31,N
BRA,-3.85874,-50.99707,305.42,0.6,0.5,2023-10-05,516,N,VIIRS,n,2.0URT,285.68,0.96,N
BRA,-3.85643,-49.09369,312.89,0.4,0.6,2023-10-05,516,N,VIIRS,n,2.0URT,278.65,1.88,N
BRA,-3.85594,-49.09709,320.89,0.4,0.6,2023-10-05,516,N,VIIRS,n,2.0URT,279.65,2.93,N
BRA,-3.80756,-51.16689,321.61,0.5,0.5,2023-10-05,516,N,VIIRS,n,2.0URT,287.49,2.84,N
BRA,-3.80685,-51.17156,302.84,0.5,0.5,2023-10-05,516,N,VIIRS,n,2.0URT,287.39,2.58,N
BRA,-3.80509,-51.16824,345.2,0.5,0.5,2023-10-05,516,N,VIIRS,n,2.0URT,289.01,8.35,N
BRA,-3.8029,-51.16607,322.21,0.5,0.5,2023-10-05,516,N,VIIRS,n,2.0URT,288.02,2.84,N
BRA,-3.80219,-51.17074,320.02,0.5,0.5,2023-10-05,516,N,VIIRS,n,2.0URT,287.87,2.58,N
BRA,-3.77197,-47.23647,329.68,0.5,0.7,2023-10-05,516,N,VIIRS,n,2.0URT,282.52,3.19,N
BRA,-3.77195,-47.23449,312.17,0.5,0.7,2023-10-05,516,N,VIIRS,n,2.0URT,280.97,2,N
BRA,-3.77134,-47.24092,317.85,0.5,0.7,2023-10-05,516,N,VIIRS,n,2.0URT,281.51,3.19,N
BRA,-3.77129,-47.23888,325.8,0.5,0.7,2023-10-05,516,N,VIIRS,n,2.0URT,282.04,2.93,N
BRA,-3.77062,-47.24334,306.93,0.5,0.7,2023-10-05,516,N,VIIRS,n,2.0URT,281.63,2.93,N
BRA,-3.76588,-47.23556,313.85,0.5,0.7,2023-10-05,516,N,VIIRS,n,2.0URT,280.81,1.37,N
BRA,-3.76585,-47.23357,299.21,0.5,0.7,2023-10-05,516,N,VIIRS,n,2.0URT,278.59,2,N
BRA,-3.76525,-47.23998,304.25,0.5,0.7,2023-10-05,516,N,VIIRS,n,2.0URT,281.64,1.37,N
BRA,-3.76519,-47.23797,310.21,0.5,0.7,2023-10-05,516,N,VIIRS,n,2.0URT,281.67,2.93,N
BRA,-3.75457,-45.56778,302.34,0.6,0.7,2023-10-05,516,N,VIIRS,n,2.0URT,289.59,11.14,N
BRA,-3.75281,-49.14971,303.25,0.4,0.6,2023-10-05,516,N,VIIRS,n,2.0URT,282.99,0.55,N
BRA,-3.74868,-45.56085,302.91,0.6,0.7,2023-10-05,516,N,VIIRS,n,2.0URT,289.87,7,N
BRA,-3.7478,-45.56687,367,0.6,0.7,2023-10-05,516,N,VIIRS,h,2.0URT,290.63,11.14,N
BRA,-3.74744,-49.14888,306.43,0.4,0.6,2023-10-05,516,N,VIIRS,n,2.0URT,283.58,0.83,N
BRA,-3.74694,-45.57281,313.78,0.6,0.7,2023-10-05,516,N,VIIRS,n,2.0URT,289.49,11.14,N
BRA,-3.73811,-49.68238,327.28,0.3,0.6,2023-10-05,516,N,VIIRS,n,2.0URT,289.03,2.22,N
BRA,-3.71344,-51.98938,318.79,0.5,0.5,2023-10-05,516,N,VIIRS,n,2.0URT,286.94,1.65,N
BRA,-3.70903,-51.98864,302.26,0.5,0.5,2023-10-05,516,N,VIIRS,n,2.0URT,286.63,0.41,N
BRA,-3.70621,-50.14829,303.93,0.6,0.5,2023-10-05,516,N,VIIRS,n,2.0URT,287.56,1.62,N
BRA,-3.70538,-50.15388,307.57,0.6,0.5,2023-10-05,516,N,VIIRS,n,2.0URT,287.72,1.62,N
BRA,-3.70467,-51.81245,304.48,0.5,0.5,2023-10-05,516,N,VIIRS,n,2.0URT,285.72,0.96,N
BRA,-3.70085,-51.8075,305.58,0.5,0.5,2023-10-05,516,N,VIIRS,n,2.0URT,285.78,1.37,N
BRA,-3.70019,-51.81186,315.82,0.5,0.5,2023-10-05,516,N,VIIRS,n,2.0URT,285.87,1.37,N
BRA,-3.69455,-45.69797,367,0.6,0.7,2023-10-05,516,N,VIIRS,h,2.0URT,290.11,9.74,N
BRA,-3.69371,-45.70381,302.71,0.6,0.7,2023-10-05,516,N,VIIRS,n,2.0URT,289.44,13.26,N
BRA,-3.68929,-51.38737,333.47,0.5,0.5,2023-10-05,516,N,VIIRS,n,2.0URT,288.75,4.89,N
BRA,-3.68786,-45.69694,329.73,0.6,0.7,2023-10-05,516,N,VIIRS,n,2.0URT,289.87,9.74,N
BRA,-3.67815,-47.61583,307.02,0.5,0.6,2023-10-05,516,N,VIIRS,n,2.0URT,284.09,1.05,N
BRA,-3.67228,-47.61447,301.5,0.5,0.6,2023-10-05,516,N,VIIRS,n,2.0URT,282.66,1.05,N
BRA,-3.62874,-50.2238,300.94,0.6,0.5,2023-10-05,516,N,VIIRS,n,2.0URT,288.78,1.71,N
BRA,-3.62378,-50.22287,319.41,0.6,0.5,2023-10-05,516,N,VIIRS,n,2.0URT,289.64,3.17,N
BRA,-3.6235,-50.2265,322.38,0.6,0.5,2023-10-05,516,N,VIIRS,n,2.0URT,289.62,5.25,N
BRA,-3.62297,-50.22852,303.77,0.6,0.5,2023-10-05,516,N,VIIRS,n,2.0URT,288.76,2.06,N
BRA,-3.62229,-54.6318,303.4,0.5,0.4,2023-10-05,516,N,VIIRS,n,2.0URT,290.38,0.58,N
BRA,-3.62159,-54.6363,309.6,0.5,0.4,2023-10-05,516,N,VIIRS,n,2.0URT,291.05,1.01,N
BRA,-3.61858,-54.63121,303.71,0.5,0.4,2023-10-05,516,N,VIIRS,n,2.0URT,290.77,0.58,N
BRA,-3.61787,-54.63571,304.34,0.5,0.4,2023-10-05,516,N,VIIRS,n,2.0URT,291.14,1.01,N
BRA,-3.60211,-54.56531,306.42,0.5,0.4,2023-10-05,516,N,VIIRS,n,2.0URT,291.13,0.64,N
BRA,-3.57361,-54.65129,305.55,0.5,0.4,2023-10-05,516,N,VIIRS,n,2.0URT,291.7,0.77,N
BRA,-3.57116,-50.27039,328.2,0.6,0.5,2023-10-05,516,N,VIIRS,n,2.0URT,290.06,3.93,N
BRA,-3.57034,-50.27594,322.06,0.6,0.5,2023-10-05,516,N,VIIRS,n,2.0URT,290.01,3.93,N
BRA,-3.56619,-50.26966,317.89,0.6,0.5,2023-10-05,516,N,VIIRS,n,2.0URT,290.08,3.93,N
BRA,-3.56575,-44.3801,301.87,0.8,0.8,2023-10-05,516,N,VIIRS,n,2.0URT,288.54,1.2,N
BRA,-3.56538,-50.27518,322.7,0.6,0.5,2023-10-05,516,N,VIIRS,n,2.0URT,290.45,3.93,N
BRA,-3.56468,-44.38727,303.72,0.8,0.8,2023-10-05,516,N,VIIRS,n,2.0URT,288.7,1.2,N
BRA,-3.562,-54.47694,313.78,0.5,0.4,2023-10-05,516,N,VIIRS,n,2.0URT,288.94,19.38,N
BRA,-3.56133,-54.48134,323.81,0.5,0.4,2023-10-05,516,N,VIIRS,n,2.0URT,288.7,7.34,N
BRA,-3.55825,-54.47635,335.83,0.5,0.4,2023-10-05,516,N,VIIRS,n,2.0URT,292.1,19.38,N
BRA,-3.55758,-54.48076,348.3,0.5,0.4,2023-10-05,516,N,VIIRS,n,2.0URT,291.22,7.34,N
BRA,-3.55692,-54.48513,316.13,0.5,0.4,2023-10-05,516,N,VIIRS,n,2.0URT,289.05,7.34,N
BRA,-3.555,-54.59875,330.89,0.5,0.4,2023-10-05,516,N,VIIRS,n,2.0URT,292.05,3.81,N
BRA,-3.5545,-54.47576,334.61,0.5,0.4,2023-10-05,516,N,VIIRS,n,2.0URT,289.5,4.54,N
BRA,-3.55383,-54.48018,302.08,0.5,0.4,2023-10-05,516,N,VIIRS,n,2.0URT,288.12,1.88,N
BRA,-3.55326,-51.52158,330.21,0.5,0.5,2023-10-05,516,N,VIIRS,n,2.0URT,287.09,5.43,N
BRA,-3.55273,-51.51947,306.34,0.5,0.5,2023-10-05,516,N,VIIRS,n,2.0URT,286.24,1.64,N
BRA,-3.55202,-51.52411,326.6,0.5,0.5,2023-10-05,516,N,VIIRS,n,2.0URT,286.96,3.92,N
BRA,-3.55128,-54.59815,305.49,0.5,0.4,2023-10-05,516,N,VIIRS,n,2.0URT,291.32,0.92,N
BRA,-3.55088,-54.57562,327.61,0.5,0.4,2023-10-05,516,N,VIIRS,n,2.0URT,292.55,3.71,N
BRA,-3.55022,-54.58002,328.81,0.5,0.4,2023-10-05,516,N,VIIRS,n,2.0URT,292.61,5.11,N
BRA,-3.54889,-54.58874,318.37,0.5,0.4,2023-10-05,516,N,VIIRS,n,2.0URT,291.94,2.58,N
BRA,-3.54715,-54.57505,339.18,0.5,0.4,2023-10-05,516,N,VIIRS,n,2.0URT,293.51,5.5,N
BRA,-3.54649,-54.57942,335.01,0.5,0.4,2023-10-05,516,N,VIIRS,n,2.0URT,293.24,2.6,N
BRA,-3.54583,-54.58377,315.74,0.5,0.4,2023-10-05,516,N,VIIRS,n,2.0URT,292.12,2.6,N
BRA,-3.54517,-54.58813,319.41,0.5,0.4,2023-10-05,516,N,VIIRS,n,2.0URT,292.2,2.57,N
BRA,-3.54477,-54.56558,304,0.5,0.4,2023-10-05,516,N,VIIRS,n,2.0URT,291.01,1.25,N
BRA,-3.5441,-54.57003,337.73,0.5,0.4,2023-10-05,516,N,VIIRS,n,2.0URT,293.35,5.5,N
BRA,-3.54343,-54.57442,337.64,0.5,0.4,2023-10-05,516,N,VIIRS,n,2.0URT,293.14,5.5,N
BRA,-3.54277,-54.5788,319.83,0.5,0.4,2023-10-05,516,N,VIIRS,n,2.0URT,292.16,2.6,N
BRA,-3.54211,-54.5832,307.6,0.5,0.4,2023-10-05,516,N,VIIRS,n,2.0URT,291.58,2.6,N
BRA,-3.54105,-54.56493,322.14,0.5,0.4,2023-10-05,516,N,VIIRS,n,2.0URT,291.96,2.85,N
BRA,-3.54038,-54.56935,330.84,0.5,0.4,2023-10-05,516,N,VIIRS,n,2.0URT,292.65,2.78,N
BRA,-3.53972,-54.57376,322.35,0.5,0.4,2023-10-05,516,N,VIIRS,n,2.0URT,292.11,2.78,N
BRA,-3.53905,-54.57818,312.3,0.5,0.4,2023-10-05,516,N,VIIRS,n,2.0URT,291.46,2.02,N
BRA,-3.53666,-54.5687,312.74,0.5,0.4,2023-10-05,516,N,VIIRS,n,2.0URT,291.21,2.78,N
BRA,-3.51693,-54.23934,307.54,0.5,0.4,2023-10-05,516,N,VIIRS,n,2.0URT,291.13,1.61,N
BRA,-3.51172,-54.248,303.73,0.5,0.4,2023-10-05,516,N,VIIRS,n,2.0URT,290.78,0.96,N
BRA,-3.51103,-54.25258,308.03,0.5,0.4,2023-10-05,516,N,VIIRS,n,2.0URT,290.63,1.07,N
BRA,-3.49462,-55.42423,309.3,0.4,0.4,2023-10-05,516,N,VIIRS,n,2.0URT,293.06,1.54,N
BRA,-3.49042,-55.42772,306.36,0.4,0.4,2023-10-05,516,N,VIIRS,n,2.0URT,292.83,1.64,N
BRA,-3.48623,-55.4312,319.48,0.4,0.4,2023-10-05,516,N,VIIRS,n,2.0URT,293.94,1.85,N
BRA,-3.4856,-55.43521,305.14,0.4,0.4,2023-10-05,516,N,VIIRS,n,2.0URT,292.86,1.85,N
BRA,-3.48524,-54.57145,304.3,0.5,0.4,2023-10-05,516,N,VIIRS,n,2.0URT,290.47,0.77,N
BRA,-3.48456,-54.57586,307.76,0.5,0.4,2023-10-05,516,N,VIIRS,n,2.0URT,290.88,0.77,N
BRA,-3.48353,-54.60727,312.72,0.5,0.4,2023-10-05,516,N,VIIRS,n,2.0URT,290.95,1.69,N
BRA,-3.48266,-55.43067,304.85,0.4,0.4,2023-10-05,516,N,VIIRS,n,2.0URT,292.17,0.77,N
BRA,-3.47981,-54.60667,315.88,0.5,0.4,2023-10-05,516,N,VIIRS,n,2.0URT,290.81,1.8,N
BRA,-3.47476,-54.51533,307.6,0.5,0.4,2023-10-05,516,N,VIIRS,n,2.0URT,289.84,1.16,N
BRA,-3.46788,-54.18675,305.44,0.5,0.4,2023-10-05,516,N,VIIRS,n,2.0URT,290.57,1.02,N
BRA,-3.46713,-54.1915,305.12,0.5,0.4,2023-10-05,516,N,VIIRS,n,2.0URT,290.49,1.48,N
BRA,-3.46694,-54.64088,306.34,0.5,0.4,2023-10-05,516,N,VIIRS,n,2.0URT,290.51,1.48,N
BRA,-3.46619,-54.18851,318.43,0.5,0.4,2023-10-05,516,N,VIIRS,n,2.0URT,290.9,2.2,N
BRA,-3.46399,-50.23605,306.93,0.6,0.5,2023-10-05,516,N,VIIRS,n,2.0URT,287.45,1.29,N
BRA,-3.4639,-54.63596,304.18,0.5,0.4,2023-10-05,516,N,VIIRS,n,2.0URT,290.7,1.03,N
BRA,-3.46322,-54.64035,315.4,0.5,0.4,2023-10-05,516,N,VIIRS,n,2.0URT,291.08,1.48,N
BRA,-3.4561,-54.56247,312.48,0.5,0.4,2023-10-05,516,N,VIIRS,n,2.0URT,290.39,2.65,N
BRA,-3.45052,-53.96833,315.98,0.5,0.4,2023-10-05,516,N,VIIRS,n,2.0URT,290.57,1.5,N
BRA,-3.4498,-53.97305,303.72,0.5,0.4,2023-10-05,516,N,VIIRS,n,2.0URT,290.35,1.5,N
BRA,-3.44664,-53.96785,304.92,0.5,0.4,2023-10-05,516,N,VIIRS,n,2.0URT,290.51,0.99,N
BRA,-3.44423,-54.56527,304.41,0.5,0.4,2023-10-05,516,N,VIIRS,n,2.0URT,290.21,0.64,N
BRA,-3.44216,-50.55094,312.9,0.6,0.5,2023-10-05,516,N,VIIRS,n,2.0URT,290.78,1.73,N
BRA,-3.44137,-50.55623,304.45,0.6,0.5,2023-10-05,516,N,VIIRS,n,2.0URT,290.2,2.23,N
BRA,-3.4405,-54.56472,306.35,0.5,0.4,2023-10-05,516,N,VIIRS,n,2.0URT,290.68,1.05,N
BRA,-3.4373,-50.55023,314.27,0.6,0.5,2023-10-05,516,N,VIIRS,n,2.0URT,290.56,1.73,N
BRA,-3.4365,-50.55555,310.14,0.6,0.5,2023-10-05,516,N,VIIRS,n,2.0URT,290.25,2.23,N
BRA,-3.43611,-54.56859,306.15,0.5,0.4,2023-10-05,516,N,VIIRS,n,2.0URT,290.19,1.05,N
BRA,-3.43242,-50.54965,319.45,0.6,0.5,2023-10-05,516,N,VIIRS,n,2.0URT,290.63,2.53,N
BRA,-3.43162,-50.55499,305.1,0.6,0.5,2023-10-05,516,N,VIIRS,n,2.0URT,290.28,2.14,N
BRA,-3.42826,-54.54473,344.57,0.5,0.4,2023-10-05,516,N,VIIRS,n,2.0URT,290.86,10.04,N
BRA,-3.42676,-50.55429,305.45,0.6,0.5,2023-10-05,516,N,VIIRS,n,2.0URT,290.65,2.14,N
BRA,-3.42562,-50.42746,303.62,0.6,0.5,2023-10-05,516,N,VIIRS,n,2.0URT,289.79,1.23,N
BRA,-3.42072,-50.42669,335.44,0.6,0.5,2023-10-05,516,N,VIIRS,n,2.0URT,291.16,3.79,N
BRA,-3.41993,-50.43211,307.63,0.6,0.5,2023-10-05,516,N,VIIRS,n,2.0URT,290.37,1.85,N
BRA,-3.41736,-53.31238,309,0.4,0.4,2023-10-05,516,N,VIIRS,n,2.0URT,289.94,1.8,N
BRA,-3.41665,-50.42034,314.71,0.6,0.5,2023-10-05,516,N,VIIRS,n,2.0URT,290.38,3.79,N
BRA,-3.41585,-50.42576,315.15,0.6,0.5,2023-10-05,516,N,VIIRS,n,2.0URT,290.48,3.79,N
BRA,-3.3951,-54.33136,307.02,0.5,0.4,2023-10-05,516,N,VIIRS,n,2.0URT,291.21,1.32,N
BRA,-3.39131,-54.33086,305.84,0.5,0.4,2023-10-05,516,N,VIIRS,n,2.0URT,290.76,1.22,N
BRA,-3.39063,-54.33535,305.91,0.5,0.4,2023-10-05,516,N,VIIRS,n,2.0URT,291.27,1.22,N
BRA,-3.38684,-54.33488,317.06,0.5,0.4,2023-10-05,516,N,VIIRS,n,2.0URT,291.31,1.22,N
BRA,-3.38306,-54.33432,308.02,0.5,0.4,2023-10-05,516,N,VIIRS,n,2.0URT,290.52,13.52,N
BRA,-3.38237,-54.33886,311.05,0.5,0.4,2023-10-05,516,N,VIIRS,n,2.0URT,291.13,2.18,N
BRA,-3.37998,-54.3292,326.83,0.5,0.4,2023-10-05,516,N,VIIRS,n,2.0URT,290.34,13.52,N
BRA,-3.37951,-48.87006,312.61,0.4,0.6,2023-10-05,516,N,VIIRS,n,2.0URT,284.52,1.76,N
BRA,-3.37929,-54.33375,347.41,0.5,0.4,2023-10-05,516,N,VIIRS,n,2.0URT,295.86,13.52,N
BRA,-3.37899,-48.87354,315.28,0.4,0.6,2023-10-05,516,N,VIIRS,n,2.0URT,285.1,1.76,N
BRA,-3.3786,-54.33829,314.83,0.5,0.4,2023-10-05,516,N,VIIRS,n,2.0URT,291.29,2.18,N
BRA,-3.37847,-48.87701,327.72,0.4,0.6,2023-10-05,516,N,VIIRS,n,2.0URT,285.38,3.86,N
BRA,-3.37621,-54.32862,307.46,0.5,0.4,2023-10-05,516,N,VIIRS,n,2.0URT,290.47,2.34,N
BRA,-3.37552,-54.33317,327.78,0.5,0.4,2023-10-05,516,N,VIIRS,n,2.0URT,291.15,2.34,N
BRA,-3.37536,-54.68278,311.84,0.5,0.4,2023-10-05,516,N,VIIRS,n,2.0URT,290.14,1.63,N
BRA,-3.37457,-48.86579,310.3,0.4,0.6,2023-10-05,516,N,VIIRS,n,2.0URT,284.3,2.23,N
BRA,-3.37406,-48.86926,312.14,0.4,0.6,2023-10-05,516,N,VIIRS,n,2.0URT,284.5,1.49,N
BRA,-3.37386,-53.32372,312.51,0.4,0.4,2023-10-05,516,N,VIIRS,n,2.0URT,288.92,1.21,N
BRA,-3.37354,-48.87273,308.44,0.4,0.6,2023-10-05,516,N,VIIRS,n,2.0URT,284.91,1.49,N
BRA,-3.37302,-48.87619,307.43,0.4,0.6,2023-10-05,516,N,VIIRS,n,2.0URT,285.11,1.03,N
BRA,-3.37251,-48.87964,302.45,0.4,0.6,2023-10-05,516,N,VIIRS,n,2.0URT,285.21,1.03,N
BRA,-3.37199,-48.88311,304.46,0.4,0.6,2023-10-05,516,N,VIIRS,n,2.0URT,285.52,0.71,N
BRA,-3.37147,-48.88659,303.67,0.4,0.6,2023-10-05,516,N,VIIRS,n,2.0URT,284.96,0.71,N
BRA,-3.35622,-54.73312,304.21,0.5,0.4,2023-10-05,516,N,VIIRS,n,2.0URT,290.67,0.66,N
BRA,-3.35281,-54.65709,322.8,0.5,0.4,2023-10-05,516,N,VIIRS,n,2.0URT,290.82,2.22,N
BRA,-3.30524,-54.9177,306.5,0.5,0.4,2023-10-05,516,N,VIIRS,n,2.0URT,292.02,1.07,N
BRA,-3.30159,-54.91711,305.54,0.5,0.4,2023-10-05,516,N,VIIRS,n,2.0URT,291.9,0.92,N
BRA,-3.29877,-52.91848,308.44,0.4,0.4,2023-10-05,516,N,VIIRS,n,2.0URT,289.17,1.08,N
BRA,-3.29644,-50.23846,306.29,0.6,0.5,2023-10-05,516,N,VIIRS,n,2.0URT,288.35,1.4,N
BRA,-3.28691,-52.96875,304.23,0.4,0.4,2023-10-05,516,N,VIIRS,n,2.0URT,289.86,0.86,N
BRA,-3.25881,-54.51418,305.24,0.5,0.4,2023-10-05,516,N,VIIRS,n,2.0URT,291.04,0.81,N
BRA,-3.25812,-54.51866,305.65,0.5,0.4,2023-10-05,516,N,VIIRS,n,2.0URT,291.05,0.81,N
BRA,-3.24444,-50.63289,304.99,0.6,0.5,2023-10-05,516,N,VIIRS,n,2.0URT,289.8,1.76,N
BRA,-3.2409,-50.63087,303.63,0.6,0.5,2023-10-05,516,N,VIIRS,n,2.0URT,289.79,1.88,N
BRA,-3.23527,-54.66771,311.43,0.5,0.4,2023-10-05,516,N,VIIRS,n,2.0URT,291.42,1.56,N
BRA,-3.23158,-54.66711,313.77,0.5,0.4,2023-10-05,516,N,VIIRS,n,2.0URT,291.87,1.52,N
BRA,-3.23091,-54.67144,316.72,0.5,0.4,2023-10-05,516,N,VIIRS,n,2.0URT,292.13,2.62,N
BRA,-3.22867,-49.0154,310.88,0.4,0.6,2023-10-05,516,N,VIIRS,n,2.0URT,286.24,1.28,N
BRA,-3.22832,-54.21262,307.45,0.5,0.4,2023-10-05,516,N,VIIRS,n,2.0URT,291.86,1.94,N
BRA,-3.22594,-54.20289,305.79,0.5,0.4,2023-10-05,516,N,VIIRS,n,2.0URT,291.84,2.18,N
BRA,-3.22523,-54.20747,324.59,0.5,0.4,2023-10-05,516,N,VIIRS,n,2.0URT,292.89,4.7,N
BRA,-3.22452,-54.21204,344.88,0.5,0.4,2023-10-05,516,N,VIIRS,n,2.0URT,294.08,4.7,N
BRA,-3.22382,-54.2166,329.44,0.5,0.4,2023-10-05,516,N,VIIRS,n,2.0URT,293.45,4.11,N
BRA,-3.22357,-56.84408,315.07,0.4,0.4,2023-10-05,516,N,VIIRS,n,2.0URT,291.06,1.49,N
BRA,-3.22356,-54.19313,323.47,0.5,0.4,2023-10-05,516,N,VIIRS,n,2.0URT,291.72,2.46,N
BRA,-3.22285,-54.19772,311.61,0.5,0.4,2023-10-05,516,N,VIIRS,n,2.0URT,291.94,2.18,N
BRA,-3.22214,-54.20232,328.77,0.5,0.4,2023-10-05,516,N,VIIRS,n,2.0URT,293.02,2.18,N
BRA,-3.22198,-54.2535,315.07,0.5,0.4,2023-10-05,516,N,VIIRS,n,2.0URT,292.09,2.86,N
BRA,-3.22144,-54.20689,327.48,0.5,0.4,2023-10-05,516,N,VIIRS,n,2.0URT,293.29,4.7,N
BRA,-3.22073,-54.21145,330.3,0.5,0.4,2023-10-05,516,N,VIIRS,n,2.0URT,293.37,4.7,N
BRA,-3.22003,-54.21601,325.53,0.5,0.4,2023-10-05,516,N,VIIRS,n,2.0URT,293.14,4.11,N
BRA,-3.21977,-54.19255,339.13,0.5,0.4,2023-10-05,516,N,VIIRS,n,2.0URT,293.26,3.3,N
BRA,-3.21906,-54.19714,327.77,0.5,0.4,2023-10-05,516,N,VIIRS,n,2.0URT,293.28,2.29,N
BRA,-3.21835,-54.20174,316.94,0.5,0.4,2023-10-05,516,N,VIIRS,n,2.0URT,292.5,2.29,N
BRA,-3.21764,-54.20631,328.34,0.5,0.4,2023-10-05,516,N,VIIRS,n,2.0URT,293.37,3.57,N
BRA,-3.21694,-54.21087,330.11,0.5,0.4,2023-10-05,516,N,VIIRS,n,2.0URT,293.12,3.57,N
BRA,-3.21597,-54.19198,308.93,0.5,0.4,2023-10-05,516,N,VIIRS,n,2.0URT,292.05,3.3,N
BRA,-3.21526,-54.19657,310.51,0.5,0.4,2023-10-05,516,N,VIIRS,n,2.0URT,292.29,2.29,N
BRA,-3.21456,-54.20115,312.33,0.5,0.4,2023-10-05,516,N,VIIRS,n,2.0URT,291.95,2.29,N
BRA,-3.21385,-54.20573,333.12,0.5,0.4,2023-10-05,516,N,VIIRS,n,2.0URT,292.7,3.57,N
BRA,-3.21315,-54.21029,316.49,0.5,0.4,2023-10-05,516,N,VIIRS,n,2.0URT,292.05,3.57,N
BRA,-3.20939,-54.66381,306.77,0.5,0.4,2023-10-05,516,N,VIIRS,n,2.0URT,292.2,1.38,N
BRA,-3.20792,-53.93642,306.67,0.5,0.4,2023-10-05,516,N,VIIRS,n,2.0URT,290.94,1.79,N
BRA,-3.2057,-54.66318,306.55,0.5,0.4,2023-10-05,516,N,VIIRS,n,2.0URT,292.48,1.38,N
BRA,-3.20505,-54.6675,311.2,0.5,0.4,2023-10-05,516,N,VIIRS,n,2.0URT,292.48,2.7,N
BRA,-3.20503,-54.28809,304.78,0.5,0.4,2023-10-05,516,N,VIIRS,n,2.0URT,291.91,2.01,N
BRA,-3.20406,-54.26933,307.3,0.5,0.4,2023-10-05,516,N,VIIRS,n,2.0URT,291.93,2.19,N
BRA,-3.20267,-54.27835,304.54,0.5,0.4,2023-10-05,516,N,VIIRS,n,2.0URT,291.83,1.86,N
BRA,-3.19986,-54.29664,317.75,0.5,0.4,2023-10-05,516,N,VIIRS,n,2.0URT,291.99,2.27,N
BRA,-3.19958,-54.2733,312.17,0.5,0.4,2023-10-05,516,N,VIIRS,n,2.0URT,292.3,1.48,N
BRA,-3.19889,-54.27782,328.4,0.5,0.4,2023-10-05,516,N,VIIRS,n,2.0URT,293.12,2.32,N
BRA,-3.19776,-54.31026,304.16,0.5,0.4,2023-10-05,516,N,VIIRS,n,2.0URT,291.54,0.76,N
BRA,-3.19705,-54.31483,304.01,0.5,0.4,2023-10-05,516,N,VIIRS,n,2.0URT,291.17,0.84,N
BRA,-3.1958,-54.27275,306,0.5,0.4,2023-10-05,516,N,VIIRS,n,2.0URT,291.91,1.48,N
BRA,-3.19511,-54.27728,307.15,0.5,0.4,2023-10-05,516,N,VIIRS,n,2.0URT,292.14,2.32,N
BRA,-3.18614,-48.69887,314.74,0.4,0.6,2023-10-05,516,N,VIIRS,n,2.0URT,283.71,1.43,N
BRA,-3.17161,-54.69993,306.36,0.5,0.4,2023-10-05,516,N,VIIRS,n,2.0URT,291.97,1.2,N
BRA,-3.17028,-54.69772,308.59,0.5,0.4,2023-10-05,516,N,VIIRS,n,2.0URT,292.02,1.28,N
BRA,-3.15821,-53.96583,310.28,0.5,0.4,2023-10-05,516,N,VIIRS,n,2.0URT,291.66,1.36,N
BRA,-3.15771,-56.8592,312.6,0.4,0.4,2023-10-05,516,N,VIIRS,n,2.0URT,292.13,1.09,N
BRA,-3.13638,-53.92854,303.29,0.5,0.4,2023-10-05,516,N,VIIRS,n,2.0URT,291.25,1.05,N
BRA,-3.13409,-49.39921,310.34,0.3,0.6,2023-10-05,516,N,VIIRS,n,2.0URT,289.14,1.19,N
BRA,-3.13364,-49.40235,310.42,0.3,0.6,2023-10-05,516,N,VIIRS,n,2.0URT,289.09,1.1,N
BRA,-3.13318,-49.40547,303.35,0.3,0.6,2023-10-05,516,N,VIIRS,n,2.0URT,289.14,1.1,N
BRA,-3.12938,-53.92268,306.42,0.5,0.4,2023-10-05,516,N,VIIRS,n,2.0URT,291.08,1.61,N
BRA,-3.12932,-49.39526,307.86,0.3,0.6,2023-10-05,516,N,VIIRS,n,2.0URT,288.95,1.19,N
BRA,-3.12886,-49.39839,317.21,0.3,0.6,2023-10-05,516,N,VIIRS,n,2.0URT,289.03,1.19,N
BRA,-3.12742,-51.28053,307.5,0.5,0.5,2023-10-05,516,N,VIIRS,n,2.0URT,289.62,1.13,N
BRA,-3.12366,-54.29021,308.72,0.5,0.4,2023-10-05,516,N,VIIRS,n,2.0URT,292.69,1.51,N
BRA,-3.12302,-54.29253,307.99,0.5,0.4,2023-10-05,516,N,VIIRS,n,2.0URT,292.99,1.97,N
BRA,-3.12232,-54.29706,311.91,0.5,0.4,2023-10-05,516,N,VIIRS,n,2.0URT,293.13,2.37,N
BRA,-3.1223,-54.29928,309.96,0.5,0.4,2023-10-05,516,N,VIIRS,n,2.0URT,292.86,2.45,N
BRA,-3.11936,-54.52237,324.47,0.5,0.4,2023-10-05,516,N,VIIRS,n,2.0URT,292.72,1.99,N
BRA,-3.1187,-54.52675,305.48,0.5,0.4,2023-10-05,516,N,VIIRS,n,2.0URT,292.24,1.99,N
BRA,-3.11312,-54.28176,323.05,0.5,0.4,2023-10-05,516,N,VIIRS,n,2.0URT,293.04,2.87,N
BRA,-3.11242,-54.28629,312.76,0.5,0.4,2023-10-05,516,N,VIIRS,n,2.0URT,292.06,2.4,N
BRA,-3.11166,-49.01249,313.35,0.4,0.6,2023-10-05,516,N,VIIRS,n,2.0URT,287.24,1.2,N
BRA,-3.09357,-54.28341,316.44,0.5,0.4,2023-10-05,516,N,VIIRS,n,2.0URT,292.83,3.97,N
BRA,-3.08841,-54.2919,308.95,0.5,0.4,2023-10-05,516,N,VIIRS,n,2.0URT,292.82,1.9,N
BRA,-3.08771,-54.29642,318.85,0.5,0.4,2023-10-05,516,N,VIIRS,n,2.0URT,293.23,1.9,N
BRA,-3.08712,-57.22159,308.85,0.4,0.4,2023-10-05,516,N,VIIRS,n,2.0URT,290.72,1.3,N
BRA,-3.08702,-54.30094,306.11,0.5,0.4,2023-10-05,516,N,VIIRS,n,2.0URT,292.68,1.26,N
BRA,-3.08513,-53.82269,306.38,0.5,0.4,2023-10-05,516,N,VIIRS,n,2.0URT,291.56,1.73,N
BRA,-3.08506,-54.26348,306.66,0.5,0.4,2023-10-05,516,N,VIIRS,n,2.0URT,292.74,4.52,N
BRA,-3.08483,-49.00819,323.5,0.4,0.6,2023-10-05,516,N,VIIRS,n,2.0URT,287.21,1.32,N
BRA,-3.08434,-49.01158,307.45,0.4,0.6,2023-10-05,516,N,VIIRS,n,2.0URT,287.3,1.32,N
BRA,-3.08395,-54.29581,318.01,0.5,0.4,2023-10-05,516,N,VIIRS,n,2.0URT,293.34,1.9,N
BRA,-3.08326,-54.30033,306.3,0.5,0.4,2023-10-05,516,N,VIIRS,n,2.0URT,293.03,1.26,N
BRA,-3.08197,-54.2584,330.15,0.5,0.4,2023-10-05,516,N,VIIRS,n,2.0URT,293.17,5.34,N
BRA,-3.08128,-54.26292,339.24,0.5,0.4,2023-10-05,516,N,VIIRS,n,2.0URT,294.47,4.52,N
BRA,-3.08088,-54.29072,307.45,0.5,0.4,2023-10-05,516,N,VIIRS,n,2.0URT,292.49,1.23,N
BRA,-3.08019,-54.2952,315.82,0.5,0.4,2023-10-05,516,N,VIIRS,n,2.0URT,293.1,1.23,N
BRA,-3.0782,-54.25782,312.41,0.5,0.4,2023-10-05,516,N,VIIRS,n,2.0URT,292.26,2,N
BRA,-3.07751,-54.26234,347.36,0.5,0.4,2023-10-05,516,N,VIIRS,n,2.0URT,294.95,9.2,N
BRA,-3.07712,-54.2901,306.82,0.5,0.4,2023-10-05,516,N,VIIRS,n,2.0URT,292.74,1.23,N
BRA,-3.07601,-54.14495,305.46,0.5,0.4,2023-10-05,516,N,VIIRS,n,2.0URT,291.77,0.8,N
BRA,-3.06804,-54.88477,304.81,0.5,0.4,2023-10-05,516,N,VIIRS,n,2.0URT,292.43,1.03,N
BRA,-3.06592,-53.99287,304.37,0.5,0.4,2023-10-05,516,N,VIIRS,n,2.0URT,291.47,1.24,N
BRA,-3.04622,-57.54778,304.99,0.4,0.4,2023-10-05,516,N,VIIRS,n,2.0URT,291.95,0.51,N
BRA,-3.04319,-54.23387,307.88,0.5,0.4,2023-10-05,516,N,VIIRS,n,2.0URT,292.44,0.91,N
BRA,-3.04102,-53.03226,305.51,0.4,0.4,2023-10-05,516,N,VIIRS,n,2.0URT,287.02,1.32,N
BRA,-3.0288,-51.44012,309.44,0.5,0.5,2023-10-05,516,N,VIIRS,n,2.0URT,289.61,1.2,N
BRA,-3.02834,-51.44137,308.31,0.5,0.5,2023-10-05,516,N,VIIRS,n,2.0URT,289.73,1.42,N
BRA,-3.01133,-49.47364,314.71,0.3,0.6,2023-10-05,516,N,VIIRS,n,2.0URT,279.74,1.09,N
BRA,-3.01086,-49.47684,312.44,0.3,0.6,2023-10-05,516,N,VIIRS,n,2.0URT,277.9,1.09,N
BRA,-3.00613,-49.47285,304.11,0.3,0.6,2023-10-05,516,N,VIIRS,n,2.0URT,278.07,0.43,N
BRA,-3.00566,-49.47605,304.68,0.3,0.6,2023-10-05,516,N,VIIRS,n,2.0URT,278.1,0.43,N
BRA,-3.00517,-49.47247,298.29,0.3,0.6,2023-10-05,516,N,VIIRS,n,2.0URT,278.19,0.29,N
BRA,-3.00468,-49.47567,303.51,0.3,0.6,2023-10-05,516,N,VIIRS,n,2.0URT,278.16,0.29,N
BRA,-2.99965,-48.36644,295.56,0.4,0.6,2023-10-05,516,N,VIIRS,n,2.0URT,267.31,0.48,N
BRA,-2.99511,-57.69971,321.46,0.4,0.4,2023-10-05,516,N,VIIRS,n,2.0URT,293.37,2.19,N
BRA,-2.99405,-48.3656,295.21,0.4,0.6,2023-10-05,516,N,VIIRS,n,2.0URT,268.88,0.48,N
BRA,-2.98822,-54.91743,310.47,0.5,0.4,2023-10-05,516,N,VIIRS,n,2.0URT,293.09,1.23,N
BRA,-2.98757,-54.92162,306.43,0.5,0.4,2023-10-05,516,N,VIIRS,n,2.0URT,293.09,1.23,N
BRA,-2.97482,-51.54887,309.82,0.5,0.5,2023-10-05,516,N,VIIRS,n,2.0URT,290.25,1.33,N
BRA,-2.95814,-54.05788,302.54,0.5,0.4,2023-10-05,516,N,VIIRS,n,2.0URT,289.88,0.94,N
BRA,-2.95764,-53.86768,307.24,0.5,0.4,2023-10-05,516,N,VIIRS,n,2.0URT,291.24,1.42,N
BRA,-2.93969,-51.9837,338.2,0.5,0.5,2023-10-05,516,N,VIIRS,n,2.0URT,289.54,5.94,N
BRA,-2.9396,-51.98431,339.04,0.5,0.5,2023-10-05,516,N,VIIRS,n,2.0URT,289.61,5.92,N
BRA,-2.93031,-54.09401,304.72,0.5,0.4,2023-10-05,516,N,VIIRS,n,2.0URT,291.78,0.47,N
BRA,-2.90892,-54.15664,315.04,0.5,0.4,2023-10-05,516,N,VIIRS,n,2.0URT,292.74,1.75,N
BRA,-2.90489,-54.13258,313.15,0.5,0.4,2023-10-05,516,N,VIIRS,n,2.0URT,292.9,1.51,N
BRA,-2.90402,-54.49289,313.15,0.5,0.4,2023-10-05,516,N,VIIRS,n,2.0URT,293.16,1.82,N
BRA,-2.9018,-54.12741,311.2,0.5,0.4,2023-10-05,516,N,VIIRS,n,2.0URT,292.42,1.51,N
BRA,-2.90109,-54.132,306.57,0.5,0.4,2023-10-05,516,N,VIIRS,n,2.0URT,292.73,1.51,N
BRA,-2.89801,-54.12683,305.22,0.5,0.4,2023-10-05,516,N,VIIRS,n,2.0URT,292.52,2.11,N
BRA,-2.89685,-54.15946,322.21,0.5,0.4,2023-10-05,516,N,VIIRS,n,2.0URT,293.75,3.89,N
BRA,-2.89189,-51.82625,307,0.5,0.5,2023-10-05,516,N,VIIRS,n,2.0URT,291.46,1.63,N
BRA,-2.88436,-57.45531,305.61,0.4,0.4,2023-10-05,516,N,VIIRS,n,2.0URT,293.03,1.05,N
BRA,-2.88316,-51.76359,310.95,0.5,0.5,2023-10-05,516,N,VIIRS,n,2.0URT,291.08,1.36,N
BRA,-2.88046,-53.98649,313.27,0.5,0.4,2023-10-05,516,N,VIIRS,n,2.0URT,291.99,1.6,N
BRA,-2.87871,-51.76302,304.73,0.5,0.5,2023-10-05,516,N,VIIRS,n,2.0URT,291.2,1.36,N
BRA,-2.87386,-51.59472,306.87,0.5,0.5,2023-10-05,516,N,VIIRS,n,2.0URT,290.98,1.35,N
BRA,-2.87244,-51.39214,305.66,0.5,0.5,2023-10-05,516,N,VIIRS,n,2.0URT,290.7,1.53,N
BRA,-2.87228,-51.33144,312.25,0.5,0.5,2023-10-05,516,N,VIIRS,n,2.0URT,290.46,1.82,N
BRA,-2.87158,-51.33605,316.42,0.5,0.5,2023-10-05,516,N,VIIRS,n,2.0URT,290.57,1.82,N
BRA,-2.87005,-51.58963,307.46,0.5,0.5,2023-10-05,516,N,VIIRS,n,2.0URT,290.86,1.35,N
BRA,-2.86841,-51.32611,321.16,0.5,0.5,2023-10-05,516,N,VIIRS,n,2.0URT,290.76,3.52,N
BRA,-2.86789,-51.3915,303.79,0.5,0.5,2023-10-05,516,N,VIIRS,n,2.0URT,290.6,0.5,N
BRA,-2.86772,-51.33073,328.39,0.5,0.5,2023-10-05,516,N,VIIRS,n,2.0URT,290.91,2.19,N
BRA,-2.86703,-51.33535,306.88,0.5,0.5,2023-10-05,516,N,VIIRS,n,2.0URT,290.2,2.19,N
BRA,-2.86558,-51.58891,303.39,0.5,0.5,2023-10-05,516,N,VIIRS,n,2.0URT,290.75,0.79,N
BRA,-2.8649,-51.59334,303.95,0.5,0.5,2023-10-05,516,N,VIIRS,n,2.0URT,290.89,0.79,N
BRA,-2.86316,-51.33002,304.29,0.5,0.5,2023-10-05,516,N,VIIRS,n,2.0URT,290.08,2.19,N
BRA,-2.86286,-54.10257,311.97,0.5,0.4,2023-10-05,516,N,VIIRS,n,2.0URT,291.5,1.41,N
BRA,-2.82374,-58.34168,311.17,0.4,0.4,2023-10-05,516,N,VIIRS,n,2.0URT,293.62,1.81,N
BRA,-2.82041,-58.34116,330.78,0.4,0.4,2023-10-05,516,N,VIIRS,n,2.0URT,294.69,1.81,N
BRA,-2.80765,-54.56534,310.34,0.5,0.4,2023-10-05,516,N,VIIRS,n,2.0URT,292.53,1.59,N
BRA,-2.80351,-54.14292,326.55,0.5,0.4,2023-10-05,516,N,VIIRS,n,2.0URT,293.04,6.12,N
BRA,-2.80043,-54.13783,324.82,0.5,0.4,2023-10-05,516,N,VIIRS,n,2.0URT,293.26,4.87,N
BRA,-2.79972,-54.14237,342.23,0.5,0.4,2023-10-05,516,N,VIIRS,n,2.0URT,295.74,6.12,N
BRA,-2.79664,-54.13726,319.69,0.5,0.4,2023-10-05,516,N,VIIRS,n,2.0URT,293.28,2.92,N
BRA,-2.79625,-54.41554,318.88,0.5,0.4,2023-10-05,516,N,VIIRS,n,2.0URT,292.48,2.42,N
BRA,-2.79593,-54.14182,319.49,0.5,0.4,2023-10-05,516,N,VIIRS,n,2.0URT,293.24,3.18,N
BRA,-2.79454,-56.48397,341.57,0.4,0.4,2023-10-05,516,N,VIIRS,n,2.0URT,295.11,11.97,N
BRA,-2.79114,-56.48345,311.4,0.4,0.4,2023-10-05,516,N,VIIRS,n,2.0URT,290.77,11.97,N
BRA,-2.79057,-56.48379,307.15,0.4,0.4,2023-10-05,516,N,VIIRS,n,2.0URT,290.2,1.15,N
BRA,-2.78946,-56.49433,304.51,0.4,0.4,2023-10-05,516,N,VIIRS,n,2.0URT,288.23,0.81,N
BRA,-2.78886,-56.49466,307.65,0.4,0.4,2023-10-05,516,N,VIIRS,n,2.0URT,288.38,0.7,N
BRA,-2.78714,-51.7158,305.82,0.5,0.5,2023-10-05,516,N,VIIRS,n,2.0URT,290.35,0.98,N
BRA,-2.78546,-56.49413,301.91,0.4,0.4,2023-10-05,516,N,VIIRS,n,2.0URT,284.28,0.7,N
BRA,-2.78206,-51.71942,313.41,0.5,0.5,2023-10-05,516,N,VIIRS,n,2.0URT,290.69,2.31,N
BRA,-2.78141,-51.72376,318.03,0.5,0.5,2023-10-05,516,N,VIIRS,n,2.0URT,290.34,2.31,N
BRA,-2.77955,-54.09706,307.23,0.5,0.4,2023-10-05,516,N,VIIRS,n,2.0URT,292.14,1.42,N
BRA,-2.77763,-51.71874,310.43,0.5,0.5,2023-10-05,516,N,VIIRS,n,2.0URT,290.62,2.31,N
BRA,-2.77698,-51.72309,332.53,0.5,0.5,2023-10-05,516,N,VIIRS,n,2.0URT,291.05,2.31,N
BRA,-2.773,-59.62389,306.96,0.4,0.4,2023-10-05,516,N,VIIRS,n,2.0URT,291.47,0.71,N
BRA,-2.7639,-53.38729,308.2,0.6,0.4,2023-10-05,516,N,VIIRS,n,2.0URT,290.5,1.6,N
BRA,-2.76134,-53.35053,308.93,0.6,0.4,2023-10-05,516,N,VIIRS,n,2.0URT,290.68,1.92,N
BRA,-2.76086,-51.74936,304.62,0.5,0.5,2023-10-05,516,N,VIIRS,n,2.0URT,291.39,1.23,N
BRA,-2.7607,-53.38159,305.17,0.6,0.4,2023-10-05,516,N,VIIRS,n,2.0URT,291.05,1.6,N
BRA,-2.75986,-51.74702,313.18,0.5,0.5,2023-10-05,516,N,VIIRS,n,2.0URT,291.35,1.53,N
BRA,-2.75752,-53.37584,304.15,0.6,0.4,2023-10-05,516,N,VIIRS,n,2.0URT,290.51,1.19,N
BRA,-2.75738,-53.34982,313.19,0.6,0.4,2023-10-05,516,N,VIIRS,n,2.0URT,290.8,1.92,N
BRA,-2.7571,-51.74438,310.5,0.5,0.5,2023-10-05,516,N,VIIRS,n,2.0URT,291.23,1.23,N
BRA,-2.75643,-51.74867,314.22,0.5,0.5,2023-10-05,516,N,VIIRS,n,2.0URT,291.86,1.23,N
BRA,-2.75543,-51.74632,312.82,0.5,0.5,2023-10-05,516,N,VIIRS,n,2.0URT,291.83,1.53,N
BRA,-2.74786,-53.21701,315.57,0.4,0.4,2023-10-05,516,N,VIIRS,n,2.0URT,290.28,1.99,N
BRA,-2.72354,-51.87397,344.14,0.5,0.5,2023-10-05,516,N,VIIRS,n,2.0URT,292.34,8.38,N
BRA,-2.71981,-51.8691,314.96,0.5,0.5,2023-10-05,516,N,VIIRS,n,2.0URT,291.67,8.38,N
BRA,-2.71915,-51.87334,345.3,0.5,0.5,2023-10-05,516,N,VIIRS,n,2.0URT,293.27,8.38,N
BRA,-2.71542,-51.86845,335.03,0.5,0.5,2023-10-05,516,N,VIIRS,n,2.0URT,291.91,11.17,N
BRA,-2.71477,-51.87268,342.99,0.5,0.5,2023-10-05,516,N,VIIRS,n,2.0URT,293.89,11.17,N
BRA,-2.70711,-54.92979,305.8,0.5,0.4,2023-10-05,516,N,VIIRS,n,2.0URT,292.98,1.02,N
BRA,-2.70685,-54.93244,307.04,0.5,0.4,2023-10-05,516,N,VIIRS,n,2.0URT,292.88,1.22,N
BRA,-2.69628,-59.51155,308.44,0.4,0.4,2023-10-05,516,N,VIIRS,n,2.0URT,292.33,1.36,N
BRA,-2.6653,-51.72789,312.97,0.5,0.5,2023-10-05,516,N,VIIRS,n,2.0URT,290.38,1.1,N
BRA,-2.66485,-51.7258,310.39,0.5,0.5,2023-10-05,516,N,VIIRS,n,2.0URT,290.62,1.25,N
BRA,-2.66422,-51.7301,306.28,0.5,0.5,2023-10-05,516,N,VIIRS,n,2.0URT,290.47,1.59,N
BRA,-2.66088,-51.72722,304.25,0.5,0.5,2023-10-05,516,N,VIIRS,n,2.0URT,290.45,1.1,N
BRA,-2.66021,-51.73151,309.02,0.5,0.5,2023-10-05,516,N,VIIRS,n,2.0URT,290.55,1.83,N
BRA,-2.65979,-51.72942,308.48,0.5,0.5,2023-10-05,516,N,VIIRS,n,2.0URT,290.61,1.59,N
BRA,-2.65954,-51.7358,315.02,0.5,0.5,2023-10-05,516,N,VIIRS,n,2.0URT,290.45,1.83,N
BRA,-2.65916,-51.73372,319.59,0.5,0.5,2023-10-05,516,N,VIIRS,n,2.0URT,290.71,1.59,N
BRA,-2.65852,-51.73803,309.53,0.5,0.5,2023-10-05,516,N,VIIRS,n,2.0URT,290.61,1.66,N
BRA,-2.65578,-51.73084,309.52,0.5,0.5,2023-10-05,516,N,VIIRS,n,2.0URT,290.34,1.71,N
BRA,-2.65512,-51.73513,330.25,0.5,0.5,2023-10-05,516,N,VIIRS,n,2.0URT,291.22,1.71,N
BRA,-2.65473,-51.73305,326.2,0.5,0.5,2023-10-05,516,N,VIIRS,n,2.0URT,290.83,3.05,N
BRA,-2.6541,-51.73735,304.13,0.5,0.5,2023-10-05,516,N,VIIRS,n,2.0URT,289.96,1.62,N
BRA,-2.6507,-51.73447,302.92,0.5,0.5,2023-10-05,516,N,VIIRS,n,2.0URT,289.85,1.71,N
BRA,-2.55838,-54.0061,315.67,0.5,0.4,2023-10-05,516,N,VIIRS,n,2.0URT,292.72,2.91,N
BRA,-2.55528,-54.00089,311.35,0.5,0.4,2023-10-05,516,N,VIIRS,n,2.0URT,291.9,1.44,N
BRA,-2.55457,-54.00552,318.54,0.5,0.4,2023-10-05,516,N,VIIRS,n,2.0URT,292.52,3.6,N
BRA,-2.55147,-54.0003,306.07,0.5,0.4,2023-10-05,516,N,VIIRS,n,2.0URT,291.81,1.44,N
BRA,-2.55017,-54.74001,323.49,0.5,0.4,2023-10-05,516,N,VIIRS,n,2.0URT,293.52,2.5,N
BRA,-2.48077,-58.0447,314.69,0.4,0.4,2023-10-05,516,N,VIIRS,n,2.0URT,292.91,1.04,N
BRA,-2.4124,-57.72625,306.77,0.4,0.4,2023-10-05,516,N,VIIRS,n,2.0URT,289.46,1.24,N
BRA,-2.40908,-57.72573,309.23,0.4,0.4,2023-10-05,516,N,VIIRS,n,2.0URT,288.7,1.24,N
BRA,-2.39588,-53.86211,310.31,0.5,0.4,2023-10-05,516,N,VIIRS,n,2.0URT,291.59,1.6,N
BRA,-2.36652,-57.1288,315.51,0.4,0.4,2023-10-05,516,N,VIIRS,n,2.0URT,293.9,1.15,N
BRA,-2.36598,-57.1323,307.99,0.4,0.4,2023-10-05,516,N,VIIRS,n,2.0URT,293.31,1.15,N
BRA,-2.32802,-55.96539,309.79,0.4,0.4,2023-10-05,516,N,VIIRS,n,2.0URT,288.5,0.79,N
BRA,-2.32325,-57.02171,313.66,0.4,0.4,2023-10-05,516,N,VIIRS,n,2.0URT,292.93,1.15,N
BRA,-2.32273,-53.87966,306.65,0.5,0.4,2023-10-05,516,N,VIIRS,n,2.0URT,291.89,2.16,N
BRA,-2.3227,-57.02522,305.23,0.4,0.4,2023-10-05,516,N,VIIRS,n,2.0URT,292.74,1.15,N
BRA,-2.32054,-53.87716,343.64,0.5,0.4,2023-10-05,516,N,VIIRS,n,2.0URT,294.05,7.85,N
BRA,-2.31981,-53.88179,310.6,0.5,0.4,2023-10-05,516,N,VIIRS,n,2.0URT,292.43,3.49,N
BRA,-2.31672,-53.87654,317.2,0.5,0.4,2023-10-05,516,N,VIIRS,n,2.0URT,292.16,7.85,N
BRA,-2.31027,-56.97289,304.03,0.4,0.4,2023-10-05,516,N,VIIRS,n,2.0URT,290.61,0.85,N
BRA,-2.30634,-57.15184,310.2,0.4,0.4,2023-10-05,516,N,VIIRS,n,2.0URT,292.93,0.68,N
BRA,-2.30598,-53.87012,307.2,0.5,0.4,2023-10-05,516,N,VIIRS,n,2.0URT,292.29,1.27,N
BRA,-2.30216,-53.86953,308.61,0.5,0.4,2023-10-05,516,N,VIIRS,n,2.0URT,292.68,1.27,N
BRA,-2.29834,-53.86892,305.74,0.5,0.4,2023-10-05,516,N,VIIRS,n,2.0URT,292.52,1.24,N
BRA,-2.27377,-57.01769,310.34,0.4,0.4,2023-10-05,516,N,VIIRS,n,2.0URT,292.95,1.24,N
BRA,-2.23103,-53.7356,322.08,0.5,0.4,2023-10-05,516,N,VIIRS,n,2.0URT,292.75,4.12,N
BRA,-2.22718,-53.735,310.9,0.5,0.4,2023-10-05,516,N,VIIRS,n,2.0URT,292.2,2.32,N
BRA,-2.21582,-56.83919,305.56,0.4,0.4,2023-10-05,516,N,VIIRS,n,2.0URT,291.52,1.8,N
BRA,-2.21039,-56.89619,326.79,0.4,0.4,2023-10-05,516,N,VIIRS,n,2.0URT,292.87,2.12,N
BRA,-2.20758,-56.89215,305.04,0.4,0.4,2023-10-05,516,N,VIIRS,n,2.0URT,292.23,0.78,N
BRA,-2.20704,-56.89566,320.43,0.4,0.4,2023-10-05,516,N,VIIRS,n,2.0URT,293.11,2.12,N
BRA,-1.86241,-62.51958,314.26,0.6,0.4,2023-10-05,516,N,VIIRS,n,2.0URT,292.36,3.26,N
BRA,-1.85846,-62.51893,317.44,0.6,0.4,2023-10-05,516,N,VIIRS,n,2.0URT,292.92,2.18,N
BRA,-1.85765,-62.52396,310.24,0.6,0.4,2023-10-05,516,N,VIIRS,n,2.0URT,292.81,2.53,N
BRA,-1.85631,-54.7928,316.53,0.5,0.4,2023-10-05,516,N,VIIRS,n,2.0URT,290.36,2.27,N
BRA,-1.85566,-54.79693,322.6,0.5,0.4,2023-10-05,516,N,VIIRS,n,2.0URT,291.27,2.27,N
BRA,-1.85451,-62.51829,308.76,0.6,0.4,2023-10-05,516,N,VIIRS,n,2.0URT,292.43,2.18,N
BRA,-1.85204,-54.79638,304.56,0.5,0.4,2023-10-05,516,N,VIIRS,n,2.0URT,289.72,0.69,N
BRA,-1.85137,-62.51265,307.41,0.6,0.4,2023-10-05,516,N,VIIRS,n,2.0URT,291.72,1.71,N
BRA,-1.75168,-55.71447,318.96,0.4,0.4,2023-10-05,516,N,VIIRS,n,2.0URT,293.61,1.33,N
BRA,-1.66038,-60.33678,308.77,0.4,0.4,2023-10-05,516,N,VIIRS,n,2.0URT,291.52,1,N
BRA,-1.65686,-60.33622,306.47,0.4,0.4,2023-10-05,516,N,VIIRS,n,2.0URT,291.82,1,N
BRA,-1.64498,-57.53205,309.06,0.4,0.4,2023-10-05,516,N,VIIRS,n,2.0URT,292.68,0.87,N
BRA,-1.478,-61.6179,324.75,0.5,0.4,2023-10-05,516,N,VIIRS,n,2.0URT,291.01,2.09,N
BRA,-1.47729,-61.62238,312.7,0.5,0.4,2023-10-05,516,N,VIIRS,n,2.0URT,291.19,2.09,N
BRA,-1.47424,-61.61731,306.4,0.5,0.4,2023-10-05,516,N,VIIRS,n,2.0URT,290.71,2.09,N
BRA,-1.44138,-57.92066,309.63,0.4,0.4,2023-10-05,516,N,VIIRS,n,2.0URT,291.66,1.2,N
BRA,-1.40966,-60.42077,311.16,0.4,0.4,2023-10-05,516,N,VIIRS,n,2.0URT,292.75,1.19,N
BRA,-1.37437,-60.25436,321.15,0.4,0.4,2023-10-05,516,N,VIIRS,n,2.0URT,293.22,2.02,N
BRA,-1.37375,-60.25824,315.93,0.4,0.4,2023-10-05,516,N,VIIRS,n,2.0URT,292.63,2.02,N
BRA,-0.78416,-62.87547,306.08,0.4,0.4,2023-10-05,516,N,VIIRS,n,2.0URT,292.76,1.49,N
